n,c_n,ratio_numeric,ratio_closed_form,ratio_over_threshold,relative_formula_error
1,0.001688686394038962,9.33333333333333,9.333333333333334,2.3333333333333335,3.3306690738754696e-16
2,0.00018093068507560314,6.750000000000004,6.75,1.6875,6.661338147750939e-16
3,2.6804545937126374e-05,5.86666666666666,5.866666666666666,1.4666666666666666,1.1102230246251565e-15
4,4.5689566938283645e-06,5.416666666666662,5.416666666666667,1.3541666666666667,9.992007221626409e-16
5,8.434996973221603e-07,5.142857142857148,5.142857142857143,1.2857142857142858,8.881784197001252e-16
6,1.6401383003486435e-07,4.958333333333335,4.958333333333333,1.2395833333333333,4.440892098500626e-16
7,3.307841950282977e-08,4.825396825396824,4.825396825396825,1.2063492063492063,2.220446049250313e-16
8,6.855067199599592e-09,4.725000000000007,4.725,1.18125,1.5543122344752192e-15
9,1.4508078729311285e-09,4.646464646464655,4.646464646464646,1.1616161616161615,1.9984014443252818e-15
10,3.1223908569604664e-10,4.5833333333333295,4.583333333333333,1.1458333333333333,7.771561172376096e-16
11,6.812489142459205e-11,4.531468531468532,4.531468531468532,1.132867132867133,0.0
12,1.503373375573559e-11,4.48809523809525,4.488095238095238,1.1220238095238095,2.6645352591003757e-15
13,3.349691340800494e-12,4.451282051282032,4.4512820512820515,1.1128205128205129,4.440892098500626e-15
14,7.525228242581788e-13,4.419642857142861,4.419642857142857,1.1049107142857142,1.1102230246251565e-15
15,1.7026779053922411e-13,4.392156862745082,4.392156862745098,1.0980392156862746,3.6637359812630166e-15
16,3.876632731026991e-14,4.368055555555569,4.368055555555555,1.0920138888888888,3.1086244689504383e-15
17,8.874962055133308e-15,4.3467492260061995,4.3467492260061915,1.0866873065015479,1.7763568394002505e-15
18,2.0417469685242545e-15,4.3277777777777695,4.3277777777777775,1.0819444444444444,1.887379141862766e-15
19,4.717772199414204e-16,4.31077694235588,4.31077694235589,1.0776942355889725,2.220446049250313e-15
20,1.0944134346315534e-16,4.295454545454546,4.295454545454546,1.0738636363636365,0.0
21,2.5478408002004416e-17,4.281573498964822,4.2815734989648035,1.0703933747412009,4.440892098500626e-15
22,5.950711346696363e-18,4.2689393939393945,4.268939393939394,1.0672348484848484,2.220446049250313e-16
23,1.393955452997196e-18,4.257391304347813,4.257391304347826,1.0643478260869565,3.1086244689504383e-15
24,3.27420092105143e-19,4.246794871794913,4.246794871794871,1.0616987179487178,9.769962616701378e-15
25,7.70981650843801e-20,4.237037037037005,4.237037037037037,1.0592592592592593,7.549516567451064e-15
26,1.8196245255929006e-20,4.228021978021918,4.228021978021978,1.0570054945054945,1.432187701766452e-14
27,4.303725323689573e-21,4.219667943805854,4.219667943805875,1.0549169859514687,4.884981308350689e-15
28,1.0199203778598523e-21,4.211904761904838,4.211904761904762,1.0529761904761905,1.8207657603852567e-14
29,2.421518138502714e-22,4.204671857619581,4.204671857619577,1.0511679644048944,8.881784197001252e-16
30,5.759113244745868e-23,4.197916666666592,4.197916666666667,1.0494791666666667,1.7763568394002505e-14
