K,relative_absolute_envelope,nominal,robust,status
0,0.000001,3.2229186699259316,3.2229226699259317,finite
0,0.005,3.2229186699259316,3.2429188365950985,finite
1,0.000001,2.52211213099427,2.5221338998049516,finite
1,0.005,2.52211213099427,2.6307821377778073,finite
2,0.000001,2.2927128719980594,2.2929166366463374,finite
2,0.005,2.2927128719980594,3.3150166189554575,finite
3,0.000001,2.1879398422503855,2.1905037396623226,finite
3,0.005,2.1879398422503855,,refused_no_valid_ratio
4,0.000001,2.131071425489873,2.169832836714117,finite
4,0.005,2.131071425489873,,refused_no_valid_ratio
5,0.000001,2.0966888897147378,2.7618883034344517,finite
5,0.005,2.0966888897147378,,refused_no_valid_ratio
