r,h,K,samples,bound,excess_percent,bound_25_digits
1,0.5,0,2,3.2229186699259316,61.145933496296585,3.222918669925931695861272
1,0.5,1,4,2.52211213099427,26.105606549713507,2.522112130994270096673356
1,0.5,2,6,2.2927128719980594,14.635643599902975,2.292712871998059500033223
1,0.5,3,8,2.1879398422503855,9.396992112519277,2.187939842250385535841451
1,0.5,4,10,2.131071425489873,6.553571274493642,2.131071425489872841825468
1,0.5,5,12,2.0966888897147378,4.834444485736881,2.096688889714737625707835
3,0.5,0,2,2.4538345030284696,22.691725151423473,2.453834503028469455850091
3,0.5,1,4,2.241084322841312,12.054216142065604,2.241084322841312075806249
3,0.5,2,6,2.154512644575842,7.72563222879211,2.154512644575842195839847
3,0.5,3,8,2.1087860620026326,5.439303100131621,2.108786062002632420289124
3,0.5,4,10,2.0812090648871022,4.06045324435511,2.081209064887102202976671
3,0.5,5,12,2.063137259696419,3.1568629848209393,2.063137259696418786407275
1,1,0,2,3.0393396124911365,51.96698062455682,3.039339612491136417529135
1,1,1,4,2.3646526610671645,18.23263305335822,2.364652661067164414762403
1,1,2,6,2.187653965522547,9.382698276127348,2.187653965522546948607167
1,1,3,8,2.114631668127681,5.731583406384038,2.114631668127680755301027
1,1,4,10,2.077355349689409,3.867767484470436,2.077355349689408723253508
1,1,5,12,2.0557388103393044,2.786940516965223,2.055738810339304464260512
