citing,cited,source
W3027321527,W2005993786,openalex
W2008745657,W2005993786,openalex
W1980611424,W2005993786,openalex
W1997514584,W2005993786,openalex
W2168612091,W2005993786,openalex
W1506912788,W2005993786,openalex
W2526963220,W2005993786,openalex
W2145345137,W2005993786,openalex
W4312108281,W2005993786,openalex
W2119645500,W2005993786,openalex
W2460924705,W2005993786,openalex
W2076982710,W2005993786,openalex
W2139537892,W2005993786,openalex
W2154076900,W2005993786,openalex
W2024501234,W2005993786,openalex
W2046950392,W2005993786,openalex
W2506752337,W2005993786,openalex
W158224150,W2005993786,openalex
W2170004795,W2005993786,openalex
W2056318250,W2005993786,openalex
W3126542857,W2005993786,openalex
W2090780541,W2005993786,openalex
W2798443540,W2005993786,openalex
W1529046620,W2005993786,openalex
W3166904473,W2005993786,openalex
W4309326121,W2005993786,openalex
W2072909302,W2005993786,openalex
W2119900920,W2005993786,openalex
W2095660233,W2005993786,openalex
W2057150263,W2005993786,openalex
W2064081798,W2005993786,openalex
W2184053279,W2005993786,openalex
W2898111054,W2005993786,openalex
W3038745188,W2005993786,openalex
W2165679607,W2005993786,openalex
W2529581890,W2005993786,openalex
W4364361726,W2005993786,openalex
W3126232764,W2005993786,openalex
W4210787823,W2005993786,openalex
W4404084779,W2005993786,openalex
W2081467792,W2005993786,openalex
W2026669313,W2005993786,openalex
W2050517428,W2005993786,openalex
W1963670695,W2005993786,openalex
W1967071918,W2005993786,openalex
W3103415728,W2005993786,openalex
W1996924566,W2005993786,openalex
W2059333319,W2005993786,openalex
W2199564085,W2005993786,openalex
W3176200902,W2005993786,openalex
W4220697435,W2005993786,openalex
W2015697745,W2005993786,openalex
W1993668370,W2005993786,openalex
W2111091746,W2005993786,openalex
W2020569423,W2005993786,openalex
W2146017515,W2005993786,openalex
W2174766223,W2005993786,openalex
W3033910926,W2005993786,openalex
W2151686285,W2005993786,openalex
W3100075286,W2005993786,openalex
W4312370817,W2005993786,openalex
W4396794639,W2005993786,openalex
W2601741154,W2005993786,openalex
W2010365662,W2005993786,openalex
W2026300527,W2005993786,openalex
W4412478532,W2005993786,openalex
W2020258356,W2005993786,openalex
W2048964443,W2005993786,openalex
W1987398637,W2005993786,openalex
W2005105958,W2005993786,openalex
W1999208848,W2005993786,openalex
W2206733479,W2005993786,openalex
W2015740542,W2005993786,openalex
W2184852254,W2005993786,openalex
W2265126117,W2005993786,openalex
W3202810322,W2005993786,openalex
W3213376272,W2005993786,openalex
W2061812614,W2005993786,openalex
W3123409741,W2005993786,openalex
W3102264608,W2005993786,openalex
W2080382327,W2005993786,openalex
W1978596675,W2005993786,openalex
W2058004059,W2005993786,openalex
W2088484668,W2005993786,openalex
W2012967363,W2005993786,openalex
W3018756580,W2005993786,openalex
W4233562785,W2005993786,openalex
W2023009410,W2005993786,openalex
W2970572631,W2005993786,openalex
W2077131276,W2005993786,openalex
W1644767229,W2005993786,openalex
W1985787852,W2005993786,openalex
W2002482255,W2005993786,openalex
W2005752001,W2005993786,openalex
W2172887474,W2005993786,openalex
W2181559958,W2005993786,openalex
W2559224231,W2005993786,openalex
W3149969122,W2005993786,openalex
W4386431861,W2005993786,openalex
W7165933215,W2005993786,openalex
W2005993786,W2172949211,openalex
W2005993786,W2563520564,openalex
W2005993786,W2118376348,openalex
W2005993786,W1984980242,openalex
W2005993786,W2140672624,openalex
W2005993786,W2029708440,openalex
W2005993786,W1975691141,openalex
W2005993786,W2019783033,openalex
W2005993786,W1975019734,openalex
W2005993786,W2017471962,openalex
W2005993786,W2002559673,openalex
W2005993786,W2087448095,openalex
W2005993786,W2018693190,openalex
W2005993786,W2085124274,openalex
W2005993786,W2062034183,openalex
W2005993786,W1982676744,openalex
W2005993786,W1973401854,openalex
W2092920937,W1972404138,openalex
W2153514825,W1972404138,openalex
W3037016282,W1972404138,openalex
W2925082381,W1972404138,openalex
W2987209375,W1972404138,openalex
W4300979513,W1972404138,openalex
W2097435698,W1972404138,openalex
W2055136513,W1972404138,openalex
W2470904426,W1972404138,openalex
W1977454874,W1972404138,openalex
W2112859413,W1972404138,openalex
W2083906613,W1972404138,openalex
W2157213407,W1972404138,openalex
W2681848477,W1972404138,openalex
W2805572192,W1972404138,openalex
W2039106995,W1972404138,openalex
W2108748519,W1972404138,openalex
W2076240340,W1972404138,openalex
W2156101534,W1972404138,openalex
W2077886888,W1972404138,openalex
W2122734969,W1972404138,openalex
W1987256187,W1972404138,openalex
W1739862170,W1972404138,openalex
W2898360749,W1972404138,openalex
W2013856380,W1972404138,openalex
W4312108281,W1972404138,openalex
W1999794318,W1972404138,openalex
W2015610852,W1972404138,openalex
W1972830883,W1972404138,openalex
W2049073445,W1972404138,openalex
W2037931139,W1972404138,openalex
W2051527431,W1972404138,openalex
W2133371159,W1972404138,openalex
W2037511655,W1972404138,openalex
W2025101513,W1972404138,openalex
W2064031966,W1972404138,openalex
W2116495487,W1972404138,openalex
W4233371365,W1972404138,openalex
W1964143423,W1972404138,openalex
W1999814078,W1972404138,openalex
W2081084331,W1972404138,openalex
W2098522483,W1972404138,openalex
W1996737048,W1972404138,openalex
W2060600701,W1972404138,openalex
W2907576591,W1972404138,openalex
W2277306361,W1972404138,openalex
W2518672269,W1972404138,openalex
W2105518426,W1972404138,openalex
W2157540439,W1972404138,openalex
W2894941738,W1972404138,openalex
W4394912675,W1972404138,openalex
W2160858257,W1972404138,openalex
W2592674274,W1972404138,openalex
W2957743089,W1972404138,openalex
W3022030686,W1972404138,openalex
W2080906494,W1972404138,openalex
W2341183341,W1972404138,openalex
W1996276612,W1972404138,openalex
W2118672978,W1972404138,openalex
W2944568548,W1972404138,openalex
W1848442537,W1972404138,openalex
W4399491701,W1972404138,openalex
W2528648981,W1972404138,openalex
W2088772137,W1972404138,openalex
W1953171528,W1972404138,openalex
W2903206066,W1972404138,openalex
W2622455303,W1972404138,openalex
W2069091264,W1972404138,openalex
W4311946192,W1972404138,openalex
W2607566747,W1972404138,openalex
W2672077685,W1972404138,openalex
W2156569484,W1972404138,openalex
W2528607367,W1972404138,openalex
W2091340194,W1972404138,openalex
W2348132946,W1972404138,openalex
W1722671447,W1972404138,openalex
W2075992754,W1972404138,openalex
W2120494557,W1972404138,openalex
W2059484401,W1972404138,openalex
W1545024463,W1972404138,openalex
W3080653352,W1972404138,openalex
W1505635174,W1972404138,openalex
W2160663241,W1972404138,openalex
W2326876901,W1972404138,openalex
W2800992364,W1972404138,openalex
W2953077838,W1972404138,openalex
W2617429853,W1972404138,openalex
W3087547920,W1972404138,openalex
W2613304093,W1972404138,openalex
W3096349889,W1972404138,openalex
W3037326012,W1972404138,openalex
W1814989895,W1972404138,openalex
W1508825691,W1972404138,openalex
W1973304162,W1972404138,openalex
W4411730627,W1972404138,openalex
W2087792191,W1972404138,openalex
W3081914119,W1972404138,openalex
W2335880476,W1972404138,openalex
W1979989686,W1972404138,openalex
W3088936785,W1972404138,openalex
W2935822615,W1972404138,openalex
W3013902803,W1972404138,openalex
W4200133021,W1972404138,openalex
W2114321830,W1972404138,openalex
W2793243324,W1972404138,openalex
W3081030703,W1972404138,openalex
W2045788610,W1972404138,openalex
W1616380049,W1972404138,openalex
W2884765039,W1972404138,openalex
W3084308905,W1972404138,openalex
W3167914915,W1972404138,openalex
W36434570,W1972404138,openalex
W2802908884,W1972404138,openalex
W4389728321,W1972404138,openalex
W3135169249,W1972404138,openalex
W4200471836,W1972404138,openalex
W3047918314,W1972404138,openalex
W3194589760,W1972404138,openalex
W3128832249,W1972404138,openalex
W4409621978,W1972404138,openalex
W4365459890,W1972404138,openalex
W4387761750,W1972404138,openalex
W4380990785,W1972404138,openalex
W4284890307,W1972404138,openalex
W4391347814,W1972404138,openalex
W4283812387,W1972404138,openalex
W3106075958,W1972404138,openalex
W2780689615,W1972404138,openalex
W4389192637,W1972404138,openalex
W4394604359,W1972404138,openalex
W4404636366,W1972404138,openalex
W4407904308,W1972404138,openalex
W4410492281,W1972404138,openalex
W4410765187,W1972404138,openalex
W4411373457,W1972404138,openalex
W4406177793,W1972404138,openalex
W2007413540,W1972404138,openalex
W2153405025,W1972404138,openalex
W1968251328,W1972404138,openalex
W3099521077,W1972404138,openalex
W3105417235,W1972404138,openalex
W2080164815,W1972404138,openalex
W2119020155,W1972404138,openalex
W2060921254,W1972404138,openalex
W2006637258,W1972404138,openalex
W2039476061,W1972404138,openalex
W2170021794,W1972404138,openalex
W2064315982,W1972404138,openalex
W2071856532,W1972404138,openalex
W2034571991,W1972404138,openalex
W2042610180,W1972404138,openalex
W1994928577,W1972404138,openalex
W2063654975,W1972404138,openalex
W1990002337,W1972404138,openalex
W1964647084,W1972404138,openalex
W2055699315,W1972404138,openalex
W2127757350,W1972404138,openalex
W2753099651,W1972404138,openalex
W4240279392,W1972404138,openalex
W1573409904,W1972404138,openalex
W2055246449,W1972404138,openalex
W2062586298,W1972404138,openalex
W2902371226,W1972404138,openalex
W1976576522,W1972404138,openalex
W1997695550,W1972404138,openalex
W1971334362,W1972404138,openalex
W2155781683,W1972404138,openalex
W2054103169,W1972404138,openalex
W2924199860,W1972404138,openalex
W1989210199,W1972404138,openalex
W1993671325,W1972404138,openalex
W2910164160,W1972404138,openalex
W2002007999,W1972404138,openalex
W2951131433,W1972404138,openalex
W1964970281,W1972404138,openalex
W1995304316,W1972404138,openalex
W2071435141,W1972404138,openalex
W2980518267,W1972404138,openalex
W2028476549,W1972404138,openalex
W2933446141,W1972404138,openalex
W4236990760,W1972404138,openalex
W2001952924,W1972404138,openalex
W2017049081,W1972404138,openalex
W2015593600,W1972404138,openalex
W2022024257,W1972404138,openalex
W3100705870,W1972404138,openalex
W2511139288,W1972404138,openalex
W3049442439,W1972404138,openalex
W3099023712,W1972404138,openalex
W2030721266,W1972404138,openalex
W2044832553,W1972404138,openalex
W2884299354,W1972404138,openalex
W2998280580,W1972404138,openalex
W3017053733,W1972404138,openalex
W1966925158,W1972404138,openalex
W1990632889,W1972404138,openalex
W2165774791,W1972404138,openalex
W2524432425,W1972404138,openalex
W2787306974,W1972404138,openalex
W2047756421,W1972404138,openalex
W1972404138,W2037139490,openalex
W1972404138,W1969758109,openalex
W1972404138,W1513083590,openalex
W1972404138,W2066002588,openalex
W1972404138,W2025011256,openalex
W1972404138,W2077941440,openalex
W1972404138,W1673377087,openalex
W1972404138,W1967999171,openalex
W1972404138,W2002493520,openalex
W1972404138,W1981829191,openalex
W1972404138,W2107107237,openalex
W1972404138,W7266733,openalex
W1972404138,W1982038242,openalex
W1972404138,W1989388051,openalex
W1972404138,W2269488810,openalex
W1972404138,W2062989775,openalex
W1972404138,W2053574771,openalex
W1972404138,W2037170552,openalex
W1972404138,W2087755258,openalex
W1972404138,W2051113882,openalex
W1972404138,W2135799766,openalex
W1972404138,W1994388501,openalex
W1972404138,W2092396504,openalex
W1972404138,W2082841138,openalex
W1972404138,W2030762206,openalex
W1972404138,W1997472074,openalex
W1972404138,W2055194442,openalex
W1972404138,W1994901504,openalex
W2925082381,W2083906613,openalex
W2987209375,W2083906613,openalex
W4300979513,W2083906613,openalex
W2588986264,W2083906613,openalex
W2112859413,W2083906613,openalex
W2681848477,W2083906613,openalex
W2108748519,W2083906613,openalex
W1739862170,W2083906613,openalex
W2898360749,W2083906613,openalex
W2013856380,W2083906613,openalex
W1999794318,W2083906613,openalex
W2484592743,W2083906613,openalex
W2015610852,W2083906613,openalex
W2064031966,W2083906613,openalex
W2098522483,W2083906613,openalex
W2060600701,W2083906613,openalex
W2009575158,W2083906613,openalex
W2277306361,W2083906613,openalex
W2518672269,W2083906613,openalex
W2157540439,W2083906613,openalex
W2738940583,W2083906613,openalex
W2957743089,W2083906613,openalex
W2341183341,W2083906613,openalex
W2243962325,W2083906613,openalex
W1996276612,W2083906613,openalex
W2118672978,W2083906613,openalex
W2944568548,W2083906613,openalex
W1848442537,W2083906613,openalex
W2528648981,W2083906613,openalex
W2088772137,W2083906613,openalex
W1953171528,W2083906613,openalex
W2903206066,W2083906613,openalex
W2242397779,W2083906613,openalex
W2622455303,W2083906613,openalex
W4311946192,W2083906613,openalex
W2607566747,W2083906613,openalex
W2528607367,W2083906613,openalex
W2091340194,W2083906613,openalex
W2348132946,W2083906613,openalex
W2075992754,W2083906613,openalex
W2120494557,W2083906613,openalex
W2059484401,W2083906613,openalex
W3080653352,W2083906613,openalex
W2326876901,W2083906613,openalex
W2800992364,W2083906613,openalex
W2953077838,W2083906613,openalex
W2617429853,W2083906613,openalex
W3087547920,W2083906613,openalex
W3037326012,W2083906613,openalex
W2980945074,W2083906613,openalex
W2188212387,W2083906613,openalex
W1973304162,W2083906613,openalex
W4411730627,W2083906613,openalex
W2087792191,W2083906613,openalex
W1979989686,W2083906613,openalex
W3088936785,W2083906613,openalex
W2299008970,W2083906613,openalex
W4200133021,W2083906613,openalex
W2114321830,W2083906613,openalex
W2793243324,W2083906613,openalex
W3084308905,W2083906613,openalex
W3167914915,W2083906613,openalex
W36434570,W2083906613,openalex
W4200471836,W2083906613,openalex
W3047918314,W2083906613,openalex
W3194589760,W2083906613,openalex
W4409621978,W2083906613,openalex
W4387761750,W2083906613,openalex
W4380990785,W2083906613,openalex
W4391347814,W2083906613,openalex
W4283812387,W2083906613,openalex
W4394604359,W2083906613,openalex
W4404636366,W2083906613,openalex
W4407904308,W2083906613,openalex
W4410492281,W2083906613,openalex
W4410765187,W2083906613,openalex
W4411373457,W2083906613,openalex
W2119020155,W2083906613,openalex
W2753099651,W2083906613,openalex
W1573409904,W2083906613,openalex
W2902371226,W2083906613,openalex
W2054103169,W2083906613,openalex
W2924199860,W2083906613,openalex
W1989210199,W2083906613,openalex
W2933548033,W2083906613,openalex
W2073070247,W2083906613,openalex
W2071435141,W2083906613,openalex
W2980518267,W2083906613,openalex
W2118409959,W2083906613,openalex
W2022024257,W2083906613,openalex
W2511139288,W2083906613,openalex
W2308861970,W2083906613,openalex
W2884299354,W2083906613,openalex
W2998280580,W2083906613,openalex
W2165774791,W2083906613,openalex
W2738327961,W2083906613,openalex
W2027877577,W2083906613,openalex
W2541249451,W2083906613,openalex
W1966130424,W2083906613,openalex
W2900044274,W2083906613,openalex
W2946171356,W2083906613,openalex
W2766380509,W2083906613,openalex
W2181321943,W2083906613,openalex
W2979289066,W2083906613,openalex
W2040428754,W2083906613,openalex
W2121666288,W2083906613,openalex
W2165540105,W2083906613,openalex
W1992334451,W2083906613,openalex
W2141527988,W2083906613,openalex
W3088587059,W2083906613,openalex
W4283799523,W2083906613,openalex
W2888120975,W2083906613,openalex
W2952540331,W2083906613,openalex
W2005348316,W2083906613,openalex
W2967776020,W2083906613,openalex
W4319337708,W2083906613,openalex
W4310163701,W2083906613,openalex
W2409864918,W2083906613,openalex
W3119619155,W2083906613,openalex
W3217410656,W2083906613,openalex
W2394504281,W2083906613,openalex
W2511876221,W2083906613,openalex
W2991598307,W2083906613,openalex
W3119296334,W2083906613,openalex
W2150071590,W2083906613,openalex
W3201250790,W2083906613,openalex
W2040740910,W2083906613,openalex
W2944308848,W2083906613,openalex
W1503722070,W2083906613,openalex
W2980948762,W2083906613,openalex
W3105008554,W2083906613,openalex
W4200021178,W2083906613,openalex
W3099615142,W2083906613,openalex
W4360611462,W2083906613,openalex
W2898036691,W2083906613,openalex
W3152915241,W2083906613,openalex
W4410288705,W2083906613,openalex
W4283820903,W2083906613,openalex
W4289260827,W2083906613,openalex
W4399492137,W2083906613,openalex
W4403335089,W2083906613,openalex
W4389057969,W2083906613,openalex
W4410485008,W2083906613,openalex
W4404061175,W2083906613,openalex
W4407259154,W2083906613,openalex
W4380319928,W2083906613,openalex
W4408538721,W2083906613,openalex
W4402983682,W2083906613,openalex
W4408696932,W2083906613,openalex
W4403187283,W2083906613,openalex
W4404566343,W2083906613,openalex
W4410948502,W2083906613,openalex
W4414264242,W2083906613,openalex
W4417212648,W2083906613,openalex
W4417267994,W2083906613,openalex
W4415719823,W2083906613,openalex
W7135028976,W2083906613,openalex
W2104428349,W2083906613,openalex
W2286857532,W2083906613,openalex
W2097466615,W2083906613,openalex
W2094485640,W2083906613,openalex
W2565584351,W2083906613,openalex
W1681767817,W2083906613,openalex
W1968460882,W2083906613,openalex
W1984954190,W2083906613,openalex
W1982485214,W2083906613,openalex
W3037833063,W2083906613,openalex
W2627076134,W2083906613,openalex
W2963770088,W2083906613,openalex
W2770670578,W2083906613,openalex
W2172946477,W2083906613,openalex
W3107209525,W2083906613,openalex
W2778112925,W2083906613,openalex
W3217323254,W2083906613,openalex
W3023147445,W2083906613,openalex
W3082650920,W2083906613,openalex
W3125807231,W2083906613,openalex
W4327909506,W2083906613,openalex
W2881543483,W2083906613,openalex
W2906747407,W2083906613,openalex
W4200500503,W2083906613,openalex
W4311742653,W2083906613,openalex
W1847518790,W2083906613,openalex
W3046206121,W2083906613,openalex
W4378078157,W2083906613,openalex
W4387495002,W2083906613,openalex
W4396892621,W2083906613,openalex
W4392682768,W2083906613,openalex
W1582348533,W2083906613,openalex
W2899194073,W2083906613,openalex
W4385987332,W2083906613,openalex
W4389192944,W2083906613,openalex
W4408572567,W2083906613,openalex
W4412568778,W2083906613,openalex
W4322626448,W2083906613,openalex
W4391847000,W2083906613,openalex
W4396865714,W2083906613,openalex
W4402731686,W2083906613,openalex
W4224255480,W2083906613,openalex
W4416782750,W2083906613,openalex
W2083906613,W2000315635,openalex
W2083906613,W1993842274,openalex
W2083906613,W2123610002,openalex
W2083906613,W1976167540,openalex
W2083906613,W2067249835,openalex
W2083906613,W2073563745,openalex
W2083906613,W575488288,openalex
W2083906613,W2153625489,openalex
W2083906613,W2033862938,openalex
W2083906613,W2116495487,openalex
W2083906613,W4231977853,openalex
W2083906613,W2068906402,openalex
W2083906613,W2099474328,openalex
W2083906613,W3106173309,openalex
W2083906613,W2006835972,openalex
W2083906613,W2024642604,openalex
W2083906613,W2051539691,openalex
W2083906613,W2055246449,openalex
W2083906613,W2028823368,openalex
W2083906613,W1993671325,openalex
W2083906613,W2092980983,openalex
W2083906613,W3101077096,openalex
W2083906613,W2034400240,openalex
W2083906613,W1977986135,openalex
W2083906613,W2000774060,openalex
W2083906613,W1987905623,openalex
W2083906613,W2068399155,openalex
W2083906613,W2049251776,openalex
W2083906613,W2088025895,openalex
W2083906613,W1993877639,openalex
W2083906613,W1639890490,openalex
W2083906613,W1993592291,openalex
W2083906613,W3099697598,openalex
W2083906613,W2054151885,openalex
W2083906613,W2158350917,openalex
W2083906613,W1879301858,openalex
W2083906613,W3098545119,openalex
W2083906613,W2051718678,openalex
W2083906613,W2079135279,openalex
W2083906613,W1617931521,openalex
W2083906613,W2130981630,openalex
W2083906613,W3099666014,openalex
W2083906613,W1503913922,openalex
W2083906613,W2132560162,openalex
W2083906613,W2962857795,openalex
W2083906613,W2962956296,openalex
W2083906613,W2949871885,openalex
W2083906613,W2964301977,openalex
W1985595108,W2054012638,openalex
W2098210791,W2054012638,openalex
W2004616326,W2054012638,openalex
W2104946201,W2054012638,openalex
W1602275375,W2054012638,openalex
W2074526943,W2054012638,openalex
W2206749198,W2054012638,openalex
W2161710772,W2054012638,openalex
W2211895355,W2054012638,openalex
W1994126546,W2054012638,openalex
W2163899410,W2054012638,openalex
W2121800248,W2054012638,openalex
W2042424747,W2054012638,openalex
W4384780405,W2054012638,openalex
W2125318440,W2054012638,openalex
W1983996420,W2054012638,openalex
W2136886049,W2054012638,openalex
W2145005644,W2054012638,openalex
W1589049741,W2054012638,openalex
W2074988223,W2054012638,openalex
W2102404393,W2054012638,openalex
W1974337101,W2054012638,openalex
W2078279627,W2054012638,openalex
W1972342493,W2054012638,openalex
W1590962812,W2054012638,openalex
W2044751916,W2054012638,openalex
W2079119666,W2054012638,openalex
W1809599835,W2054012638,openalex
W1621077496,W2054012638,openalex
W2007309085,W2054012638,openalex
W2106312589,W2054012638,openalex
W2156622944,W2054012638,openalex
W3101204747,W2054012638,openalex
W2025174354,W2054012638,openalex
W1563388675,W2054012638,openalex
W1594453752,W2054012638,openalex
W2093711078,W2054012638,openalex
W2484058897,W2054012638,openalex
W1984733277,W2054012638,openalex
W2065739245,W2054012638,openalex
W2204582295,W2054012638,openalex
W2056051667,W2054012638,openalex
W2145664071,W2054012638,openalex
W2087190957,W2054012638,openalex
W2341281302,W2054012638,openalex
W1985562575,W2054012638,openalex
W2069972412,W2054012638,openalex
W2366738059,W2054012638,openalex
W2056628161,W2054012638,openalex
W2135837151,W2054012638,openalex
W2400161678,W2054012638,openalex
W2059087818,W2054012638,openalex
W2065945422,W2054012638,openalex
W1863915795,W2054012638,openalex
W1972337962,W2054012638,openalex
W2062311837,W2054012638,openalex
W3004914101,W2054012638,openalex
W2024661296,W2054012638,openalex
W1982553283,W2054012638,openalex
W2247769498,W2054012638,openalex
W2103047367,W2054012638,openalex
W2048608798,W2054012638,openalex
W2905388591,W2054012638,openalex
W4388825641,W2054012638,openalex
W1967442666,W2054012638,openalex
W2137180550,W2054012638,openalex
W4409412517,W2054012638,openalex
W2043553904,W2054012638,openalex
W2134097973,W2054012638,openalex
W3037654290,W2054012638,openalex
W2045930512,W2054012638,openalex
W2062760167,W2054012638,openalex
W1968225144,W2054012638,openalex
W2126178925,W2054012638,openalex
W2941068061,W2054012638,openalex
W2097149452,W2054012638,openalex
W2087504439,W2054012638,openalex
W1614043134,W2054012638,openalex
W1981418766,W2054012638,openalex
W2128259727,W2054012638,openalex
W2081833900,W2054012638,openalex
W2739329449,W2054012638,openalex
W2057165325,W2054012638,openalex
W2057983250,W2054012638,openalex
W2247828326,W2054012638,openalex
W2265791100,W2054012638,openalex
W3014955556,W2054012638,openalex
W1993951053,W2054012638,openalex
W2026251735,W2054012638,openalex
W3210315402,W2054012638,openalex
W3105199269,W2054012638,openalex
W2006010005,W2054012638,openalex
W2041847761,W2054012638,openalex
W4220808129,W2054012638,openalex
W2552858231,W2054012638,openalex
W2042349449,W2054012638,openalex
W1966944118,W2054012638,openalex
W128964819,W2054012638,openalex
W2278549836,W2054012638,openalex
W1989055276,W2054012638,openalex
W2150403987,W2054012638,openalex
W2950919721,W2054012638,openalex
W2032174889,W2054012638,openalex
W2048666163,W2054012638,openalex
W2951349064,W2054012638,openalex
W2796387258,W2054012638,openalex
W2031967974,W2054012638,openalex
W2055161381,W2054012638,openalex
W2045520109,W2054012638,openalex
W2154806307,W2054012638,openalex
W2160978893,W2054012638,openalex
W1939798368,W2054012638,openalex
W2136315828,W2054012638,openalex
W1995890909,W2054012638,openalex
W3101423866,W2054012638,openalex
W4309681105,W2054012638,openalex
W1748692844,W2054012638,openalex
W1980201023,W2054012638,openalex
W2042139720,W2054012638,openalex
W2238537514,W2054012638,openalex
W2071644918,W2054012638,openalex
W3210636726,W2054012638,openalex
W2084061045,W2054012638,openalex
W2952834514,W2054012638,openalex
W2791403420,W2054012638,openalex
W3193589678,W2054012638,openalex
W2065957104,W2054012638,openalex
W3151232711,W2054012638,openalex
W3099919343,W2054012638,openalex
W3099829006,W2054012638,openalex
W3102467107,W2054012638,openalex
W3106284716,W2054012638,openalex
W3104634891,W2054012638,openalex
W2952521900,W2054012638,openalex
W2114159644,W2054012638,openalex
W2963748023,W2054012638,openalex
W3099473728,W2054012638,openalex
W2071590783,W2054012638,openalex
W2962745362,W2054012638,openalex
W2799384251,W2054012638,openalex
W2145879488,W2054012638,openalex
W2951399469,W2054012638,openalex
W2967617415,W2054012638,openalex
W109697107,W2054012638,openalex
W1558638334,W2054012638,openalex
W1774757334,W2054012638,openalex
W1850661866,W2054012638,openalex
W2067533520,W2054012638,openalex
W2130839902,W2054012638,openalex
W2231147503,W2054012638,openalex
W2595261560,W2054012638,openalex
W2598066112,W2054012638,openalex
W2760577543,W2054012638,openalex
W2777561964,W2054012638,openalex
W3210922446,W2054012638,openalex
W4401307030,W2054012638,openalex
W71098673,W2054012638,openalex
W7133216539,W2054012638,openalex
W9117218,W2054012638,openalex
W2054012638,W1981058868,openalex
W2054012638,W2165907756,openalex
W2054012638,W3037946743,openalex
W2054012638,W2144071352,openalex
W2054012638,W1976167540,openalex
W2054012638,W2221094875,openalex
W2054012638,W2120964426,openalex
W2054012638,W2104501509,openalex
W2054012638,W2086400930,openalex
W2054012638,W1994692129,openalex
W2054012638,W2047130596,openalex
W2054012638,W2078604177,openalex
W2054012638,W2106886375,openalex
W2054012638,W1964788015,openalex
W2054012638,W1985595108,openalex
W2054012638,W2029860608,openalex
W2054012638,W2023081117,openalex
W2054012638,W2162472030,openalex
W2054012638,W2105457982,openalex
W2054012638,W2056379021,openalex
W2054012638,W2098272014,openalex
W2054012638,W1972826623,openalex
W2054012638,W2149026648,openalex
W2054012638,W2081368280,openalex
W2054012638,W2052480590,openalex
W2054012638,W2020260414,openalex
W2054012638,W2019847972,openalex
W2054012638,W1974337101,openalex
W2054012638,W2073492895,openalex
W2054012638,W1979097718,openalex
W2054012638,W2122945784,openalex
W2054012638,W2140852275,openalex
W2054012638,W1994637526,openalex
W2054012638,W3099829006,openalex
W2054012638,W2963748023,openalex
W2921754837,W2136497493,openalex
W3099239133,W2136497493,openalex
W2592119549,W2136497493,openalex
W2786370293,W2136497493,openalex
W4306952031,W2136497493,openalex
W3126175092,W2136497493,openalex
W2998882781,W2136497493,openalex
W2471122034,W2136497493,openalex
W2493339491,W2136497493,openalex
W2606774196,W2136497493,openalex
W2779033635,W2136497493,openalex
W2785656069,W2136497493,openalex
W3106410127,W2136497493,openalex
W3210488965,W2136497493,openalex
W3210059093,W2136497493,openalex
W3050554984,W2136497493,openalex
W4378347232,W2136497493,openalex
W4391708214,W2136497493,openalex
W3048635669,W2136497493,openalex
W2794966645,W2136497493,openalex
W4378470327,W2136497493,openalex
W4280586070,W2136497493,openalex
W2999589151,W2136497493,openalex
W2275525642,W2136497493,openalex
W2951623434,W2136497493,openalex
W3092246489,W2136497493,openalex
W2337724348,W2136497493,openalex
W4318151164,W2136497493,openalex
W2945961528,W2136497493,openalex
W2584430378,W2136497493,openalex
W3099195819,W2136497493,openalex
W3102870732,W2136497493,openalex
W4377099394,W2136497493,openalex
W3013403132,W2136497493,openalex
W4389122618,W2136497493,openalex
W2971358810,W2136497493,openalex
W2542362215,W2136497493,openalex
W10129282,W2136497493,openalex
W2106578818,W2136497493,openalex
W2745650081,W2136497493,openalex
W3106420367,W2136497493,openalex
W2263477367,W2136497493,openalex
W2605562043,W2136497493,openalex
W3100823004,W2136497493,openalex
W4388181865,W2136497493,openalex
W1854515685,W2136497493,openalex
W2966683732,W2136497493,openalex
W3098639342,W2136497493,openalex
W2904174420,W2136497493,openalex
W4315464715,W2136497493,openalex
W4302014228,W2136497493,openalex
W4386471167,W2136497493,openalex
W3128191233,W2136497493,openalex
W2976090991,W2136497493,openalex
W3031301686,W2136497493,openalex
W2556553547,W2136497493,openalex
W2346228807,W2136497493,openalex
W3049733224,W2136497493,openalex
W2953044543,W2136497493,openalex
W4360611418,W2136497493,openalex
W3172413367,W2136497493,openalex
W4379983585,W2136497493,openalex
W2615391113,W2136497493,openalex
W3118539918,W2136497493,openalex
W2714291245,W2136497493,openalex
W2897014702,W2136497493,openalex
W3095729326,W2136497493,openalex
W2563479286,W2136497493,openalex
W2728552031,W2136497493,openalex
W3045909638,W2136497493,openalex
W4395071929,W2136497493,openalex
W4229051485,W2136497493,openalex
W4308832117,W2136497493,openalex
W4385502650,W2136497493,openalex
W2944683632,W2136497493,openalex
W2679870291,W2136497493,openalex
W2805145399,W2136497493,openalex
W3204287388,W2136497493,openalex
W2770983681,W2136497493,openalex
W2779024376,W2136497493,openalex
W2971724865,W2136497493,openalex
W4225531540,W2136497493,openalex
W3163867774,W2136497493,openalex
W4361207520,W2136497493,openalex
W4386695422,W2136497493,openalex
W4303928116,W2136497493,openalex
W4392387492,W2136497493,openalex
W2939995445,W2136497493,openalex
W3105322095,W2136497493,openalex
W3215454974,W2136497493,openalex
W3081626901,W2136497493,openalex
W3116010410,W2136497493,openalex
W3117821479,W2136497493,openalex
W2966483697,W2136497493,openalex
W2802003548,W2136497493,openalex
W3036060404,W2136497493,openalex
W2871931184,W2136497493,openalex
W2774679790,W2136497493,openalex
W2901960170,W2136497493,openalex
W2994467208,W2136497493,openalex
W3215606814,W2136497493,openalex
W4322721156,W2136497493,openalex
W4400387459,W2136497493,openalex
W3098868620,W2136497493,openalex
W3125242965,W2136497493,openalex
W2761505211,W2136497493,openalex
W2893134807,W2136497493,openalex
W3093891181,W2136497493,openalex
W3143011231,W2136497493,openalex
W4311515607,W2136497493,openalex
W4378900951,W2136497493,openalex
W3104574396,W2136497493,openalex
W3183520976,W2136497493,openalex
W4311639211,W2136497493,openalex
W2981257890,W2136497493,openalex
W3147612641,W2136497493,openalex
W3080588626,W2136497493,openalex
W3120018969,W2136497493,openalex
W2582925234,W2136497493,openalex
W3210489177,W2136497493,openalex
W2726087808,W2136497493,openalex
W2893307642,W2136497493,openalex
W3043733348,W2136497493,openalex
W4387673147,W2136497493,openalex
W2613103304,W2136497493,openalex
W2798675296,W2136497493,openalex
W4224068915,W2136497493,openalex
W2765222098,W2136497493,openalex
W3017207636,W2136497493,openalex
W2909390732,W2136497493,openalex
W3100204014,W2136497493,openalex
W4320724822,W2136497493,openalex
W4386074183,W2136497493,openalex
W2940872480,W2136497493,openalex
W3120837878,W2136497493,openalex
W4366823256,W2136497493,openalex
W4391986729,W2136497493,openalex
W2985298441,W2136497493,openalex
W3119225656,W2136497493,openalex
W2808416345,W2136497493,openalex
W3216779031,W2136497493,openalex
W2952652949,W2136497493,openalex
W3036608889,W2136497493,openalex
W4386925584,W2136497493,openalex
W4389298412,W2136497493,openalex
W4399737000,W2136497493,openalex
W2788916862,W2136497493,openalex
W2888816144,W2136497493,openalex
W3147615983,W2136497493,openalex
W3210004857,W2136497493,openalex
W4384933192,W2136497493,openalex
W2783746665,W2136497493,openalex
W2941855852,W2136497493,openalex
W3042062639,W2136497493,openalex
W3169294333,W2136497493,openalex
W3177896612,W2136497493,openalex
W4365150802,W2136497493,openalex
W2950317741,W2136497493,openalex
W2969584636,W2136497493,openalex
W4387138554,W2136497493,openalex
W1865203874,W2136497493,openalex
W3091239539,W2136497493,openalex
W3092070282,W2136497493,openalex
W3099579202,W2136497493,openalex
W4225313380,W2136497493,openalex
W4310191459,W2136497493,openalex
W4321600543,W2136497493,openalex
W4214812005,W2136497493,openalex
W4223547069,W2136497493,openalex
W4323363901,W2136497493,openalex
W2780275524,W2136497493,openalex
W4308506765,W2136497493,openalex
W2765631417,W2136497493,openalex
W4392505550,W2136497493,openalex
W2785080930,W2136497493,openalex
W3020835076,W2136497493,openalex
W4210371197,W2136497493,openalex
W4408189470,W2136497493,openalex
W3011870880,W2136497493,openalex
W3013021786,W2136497493,openalex
W3080375065,W2136497493,openalex
W4283770940,W2136497493,openalex
W4309796603,W2136497493,openalex
W4377157729,W2136497493,openalex
W4385491351,W2136497493,openalex
W4402408623,W2136497493,openalex
W2810637913,W2136497493,openalex
W3018811576,W2136497493,openalex
W3205552539,W2136497493,openalex
W1606403868,W2136497493,openalex
W4283706334,W2136497493,openalex
W3010871632,W2136497493,openalex
W3156914083,W2136497493,openalex
W4383341741,W2136497493,openalex
W4393930958,W2136497493,openalex
W4386604167,W2136497493,openalex
W2965988389,W2136497493,openalex
W4285050062,W2136497493,openalex
W4308883852,W2136497493,openalex
W4366775195,W2136497493,openalex
W2136497493,W2007185418,openalex
W2136497493,W1540739244,openalex
W2136497493,W2067437844,openalex
W2136497493,W2003059693,openalex
W2136497493,W2003095492,openalex
W2136497493,W2057221822,openalex
W2136497493,W2034225373,openalex
W2136497493,W2136565179,openalex
W2136497493,W2098411918,openalex
W2136497493,W1976512014,openalex
W2136497493,W1984782544,openalex
W2136497493,W2092760676,openalex
W2136497493,W1230759189,openalex
W2136497493,W1983899760,openalex
W2136497493,W2025094331,openalex
W2136497493,W199516873,openalex
W2136497493,W2091491425,openalex
W2136497493,W2112842519,openalex
W2136497493,W1597325299,openalex
W2136497493,W1976431822,openalex
W2136497493,W1994986908,openalex
W2136497493,W2158891124,openalex
W2136497493,W1983968794,openalex
W2136497493,W1985829514,openalex
W2136497493,W2071333147,openalex
W2136497493,W2055458408,openalex
W2136497493,W2026954778,openalex
W2136497493,W2133112042,openalex
W2136497493,W2085541615,openalex
W2136497493,W1975327607,openalex
W2136497493,W2091489579,openalex
W2136497493,W2031565560,openalex
W2136497493,W1986263599,openalex
W2136497493,W2066647172,openalex
W2136497493,W2014591724,openalex
W2136497493,W1994701926,openalex
W2136497493,W2031836145,openalex
W2136497493,W2012643323,openalex
W2136497493,W1965046029,openalex
W2136497493,W2037833427,openalex
W2136497493,W1932956901,openalex
W2136497493,W1979878316,openalex
W2136497493,W2148793341,openalex
W2136497493,W1947158236,openalex
W2136497493,W1905557571,openalex
W2136497493,W2124948417,openalex
W2136497493,W2148705192,openalex
W2136497493,W1662771378,openalex
W2136497493,W1605583690,openalex
W2136497493,W1601710773,openalex
W2136497493,W3100322995,openalex
W2136497493,W4237364295,openalex
W2136497493,W2164929794,openalex
W2136497493,W2171135483,openalex
W2136497493,W2164624973,openalex
W2136497493,W2169919279,openalex
W2136497493,W2202024260,openalex
W2136497493,W2166879061,openalex
W2136497493,W4240252359,openalex
W2136497493,W2182607186,openalex
W2136497493,W2334786120,openalex
W2136497493,W2978299174,openalex
W2136497493,W3022008917,openalex
W2136497493,W2168635354,openalex
W2136497493,W2160529420,openalex
W2136497493,W2950760984,openalex
W2136497493,W4235095834,openalex
W2136497493,W3101099859,openalex
W2136497493,W4297823343,openalex
W2136497493,W3104781053,openalex
W2136497493,W2949588296,openalex
