claim_id,claim_status,work_id,title,year,relation,confidence,equation,theorem,read_status,evidence,notes
A,PROVED_CONDITIONALLY,arxiv:2603.28454v1,Lecture Notes on Positivity Properties of Scattering Amplitudes,2026,SUPPORTS_ASSUMPTION,9,eq. (119)-(120),Sec. 3.3.1,EQUATION_LEVEL_READ,"States and derives: 'If Pi(Q^2) is the vacuum polarization function then -Pi(Q^2)/Q^2 is a Stieltjes function.' Derivation is the once-subtracted Kallen-Lehmann dispersion relation eq. (119) Pi(q^2) = q^2 int_{s_thr}^inf rho(s)/(s(s-q^2)) ds, followed by u=1/s, Q^2=-q^2 giving eq. (120) Pi(Q^2) = -Q^2 int_0^{1/s_thr} rho(1/u)/(1+uQ^2) du, with rho(s)>=0 for s>=s_thr guaranteed by unitarity.","DECISIVE FOR P0.1. The Stieltjes property of the ABELIAN vacuum polarization -- the analytic content of Corollary A1 -- is standard and is stated as a known result in a 2026 review. H3 must therefore NOT be presented as a new analytic structure at the VP level. What remains open is H3 for the NONPERTURBATIVE GAUGE-INVARIANT STATIC RESPONSE, which this reference does not address: it contains no static potential, no Wilson loop and no position-space potential."
B,PROVED_CONDITIONALLY,arxiv:2603.28454v1,Lecture Notes on Positivity Properties of Scattering Amplitudes,2026,BACKGROUND_ONLY,9,"eq. (19), (20)-(21), (22)",Sec. 2.1.2,EQUATION_LEVEL_READ,"Defines exactly our Hankel hierarchy from derivatives: (H_0)_ij = (-1)^(i+j) f^(i+j)(x), (H_1)_ij = (-1)^(i+j+1) f^(i+j+1)(x), and proves PSD via sum_ij (-1)^(i+j+l) f^(i+j+l)(x) xi_i xi_j = int_0^inf dt mu(t) e^(-xt) t^l (sum_i t^i xi_i)^2 >= 0. Eq. (22) is the 2x2 log-convexity determinant.",The equivalence 'complete monotonicity <=> PSD Hankel matrices of derivatives' is classical and is presented as review material. Theorem B and the H_0/H_1 construction of Theorem E are therefore CLASSICAL as mathematics. Novelty cannot be claimed for the hierarchy itself.
B,PROVED_CONDITIONALLY,doi:10.1103/physrevd.106.l011502,"Schwinger function, confinement, and positivity violation in pure gauge QED",2022,CHALLENGES_ASSUMPTION,9,,,ABSTRACT_READ,"'Schwinger function, confinement, and positivity violation in pure gauge QED' (Phys. Rev. D 106, L011502). Positivity violation of the photon Schwinger function -- equivalently of the Kallen-Lehmann spectral density -- is used directly as a confinement diagnostic.","REFUTES THE UNQUALIFIED FORM OF OUR STRONGEST NOVELTY CLAIM. Spectral positivity as a FALSIFIABLE hypothesis, tested on a Euclidean correlator of a gauge field, is established practice. The claim 'nobody else uses positivity as a falsifier' must be withdrawn. What survives is narrower and must be stated narrowly: the standard diagnostic is a SINGLE SIGN CHECK (does the Schwinger function go negative), whereas our gate is the full Hankel hierarchy, which rejects a signed measure that passes both Phi > 0 and -Phi' > 0 and would therefore survive the standard test."
C,CLASSICAL_APPLICATION,arxiv:2512.19594,Extracting quantum field theory dynamics from an approximate ground state,2025,ANALOGOUS,9,,,ABSTRACT_READ,"Mutzel & Tilloy 2025: linear-programming extraction of the MASS GAP from a static EQUAL-TIME two-point function at spatial separation, by recasting Kallen-Lehmann inversion as convex optimization. Tested on 1+1d phi^4 with relativistic continuous matrix product states.","CLOSEST PUBLISHED ANALOGUE TO THE CORE METHOD. Same input class (a static spatial correlator), same target (the mass gap / spectral edge), same hypothesis (positive Kallen-Lehmann density). Differs in algorithm (linear programming vs Hankel pencil) and in the error statement (a posteriori bound on correlator error vs our monotone deterministic bound). This is a stronger precedent than the lattice effective mass, because the geometry -- spatial separation rather than Euclidean time -- matches ours."
E,PROVED_CONDITIONALLY,arxiv:2603.28454v1,Lecture Notes on Positivity Properties of Scattering Amplitudes,2026,USES_SAME_MATH,9,eq. (19),Sec. 2.1.2,EQUATION_LEVEL_READ,"Same H_0, H_1 pencil objects, same positivity proof.","NOT identical: the review builds the Hankel matrices to CERTIFY complete monotonicity. It never forms the generalized eigenvalue problem lambda_min(H_1,H_0) and never extracts inf supp mu. The threshold-extraction step of Theorem E is absent here."
E,PROVED_CONDITIONALLY,doi:10.48550/arxiv.2408.11766,Model-free spectral reconstruction via Lagrange duality,2024,USES_SAME_MATH,8,,,ABSTRACT_READ,"Lawrence 2024: recasts spectral reconstruction from Euclidean correlators as a convex optimization problem and, via Lagrange duality, obtains bounds on arbitrary integrals of the spectral density from positivity alone. Bounds are stated to be 'information-theoretically complete': for any point within the bounds there exists a consistent spectral density.","HIGH THREAT TO THEOREM E's OPTIMALITY, AND THE OBVIOUS ESCAPE DOES NOT WORK. It is tempting to reply that M_* is not a linear functional so the completeness claim does not reach it. But nu([M_*, M]) = int_{[0,M]} dnu IS linear, and bisecting on M answers 'is there weight below M', so a complete bound on linear functionals reaches the edge through a FAMILY of them. That escape will not survive a referee. Either read Lawrence at equation level and establish where the bisection actually degrades (the likely answer: the bound on nu([0,M]) becomes uninformative as M -> M_*, which is precisely the Theorem H resolution question), or remove every optimality-flavoured word about Theorem E."
H,PROVED_CONDITIONALLY,doi:10.1063/1.2930799,A robust and reliable method for detecting signals of interest in multiexponential decays,2007,ANALOGOUS,8,,,ABSTRACT_READ,Cover 2008: a hypothesis test in relaxation-spectrum space whose null is 'there exists a relaxation spectrum with NO signal below 40 ms consistent with the observed T2 decay'. Applied to detecting the myelin signal in brain MRI.,"STRUCTURALLY THE TINY-ATOM QUESTION, posed as a falsifiable test, in the NMR/MRI literature since 2008. The CONCEPT of testing for undetectable spectral weight below a threshold is therefore NOT new. No closed-form detection limit is given, so the crossover law r_x ~ log(1/eps)/(M-mu) is not preempted in closed form -- but Theorem H must be framed as supplying the quantitative law for a known qualitative phenomenon."
H,PROVED_CONDITIONALLY,doi:10.1088/0266-5611/24/4/045018,Statistical minimax approach of the Hausdorff moment problem,2007,BACKGROUND_ONLY,7,,,ABSTRACT_READ,Pham Ngoc 2007/2008: minimax upper and lower bounds for estimating a compactly supported DENSITY from noisy moments (Hausdorff moment problem).,"DOES NOT PREEMPT THEOREM H. The estimand is the density, not the endpoint of the support. Relevant as the correct minimax framework to cite, and as evidence that the noisy Hausdorff problem has a developed statistical theory that our deterministic envelope should be compared against."
J,CONJECTURE,arxiv:2603.28454v1,Lecture Notes on Positivity Properties of Scattering Amplitudes,2026,CHALLENGES_ASSUMPTION,8,"abstract, Sec. 3",,EQUATION_LEVEL_READ,"The programme 'CM/Stieltjes positivity as a property of QFT observables' is an established, actively reviewed research area covering the cusp anomalous dimension (eq. 99), scalar Feynman integrals (eq. 102, 114), the vacuum polarization (eq. 120) and Coulomb-branch amplitudes in N=4 SYM.","Our framing cannot be presented as opening this programme. The defensible position is a NEW OBSERVABLE within an existing programme, not a new programme."
