key,title,authors,year,journal,doi,arxiv,inspire_id,axis,claims_overlap,equations_checked,theorem_checked,priority_threat,backward_refs_done,forward_citations_done,read_level,exact_overlap,exact_difference,notes
luscher_wolff_1990,How to Calculate the Elastic Scattering Matrix in Two-dimensional Quantum Field Theories by Numerical Simulation,"Luscher, Martin; Wolff, Ulli",1990,Nucl.Phys.B,10.1016/0550-3213(90)90540-T,PENDING_VERIFICATION,294614,inverse spectral method,Variational/GEVP extraction of the lowest energy from a positive Euclidean correlator.,Method section: variational bound on the lowest eigenvalue from a correlator matrix.,Variational bound; monotone approach from above.,HIGH,partial,no,abstract+method via secondary sources (full text not retrieved),C(t)=int e^{-Et} drho(E) with rho>=0 is the SAME object as our Phi(r)=int e^{-rx} dnu(x). The GEVP on a correlator matrix is the same generalized eigenvalue problem as our Theorem E pencil.,Their variable is Euclidean time and their measure is the energy spectrum of an interpolating operator. Ours is a radial distance and a one-form symmetry-breaking profile. The MATHEMATICS is the same; the observable is not.,This is the single most important precedent. It removes any claim that Theorems C/E/G are a new method. Cited as the origin of the technique.
blossier_et_al_gevp_2009,On the generalized eigenvalue method for energies and matrix elements in lattice field theory,"Blossier, Benoit; Della Morte, Michele; von Hippel, Georg; Mendes, Tereza; Sommer, Rainer",2009,JHEP,10.1088/1126-6708/2009/04/094,0902.1265,812818,inverse spectral method,Rigorous one-sided bounds and the ordering of GEVP effective masses; convergence in the variational order.,GEVP effective-mass ordering and asymptotic corrections.,Effective masses from the principal correlators approach the true energies from above.,HIGH,partial,no,abstract + search-confirmed statements,"Our Theorem C (Gamma decreasing, Gamma>=M_*) and Theorem E (B_{K+1}<=B_K, B_K>=M_*) are the effective-mass and GEVP monotonicity statements.",They work at fixed discrete time separations on a lattice with statistical errors; we work in a continuous radial variable with deterministic error envelopes (Theorem G eq. 24-25).,Confirms that monotone one-sided bounds from a positive Laplace/Euclidean representation are standard technology.
masjuan_peris_2009,Pade Theory applied to the vacuum polarization of a heavy quark,"Masjuan, P.; Peris, S.",2010,Phys.Lett.B,10.1016/j.physletb.2010.02.069,0903.0294,814522,threshold from vacuum-polarization moments,Reconstruction of the vacuum polarization from its low-energy expansion; extraction of threshold information.,Pade approximants built from the q^2->0 Taylor coefficients of Pi(q^2); extraction of the threshold constant K^(2).,Pade convergence for Stieltjes functions (classical).,HIGH,partial,no,abstract + metadata (equation-level reading not completed),"Threshold information IS extracted from the low-energy moments of the vacuum polarization. Pade approximants to a Stieltjes series are equivalent to Gaussian quadrature / orthogonal polynomials / Hankel determinants, i.e. the same classical machinery as our Theorem E.",They estimate a threshold-expansion constant by Pade fitting in q^2; we prove a one-sided bound in a radial variable. Their observable is Pi(q^2); ours is delta(r).,Kills novelty of 'threshold from VP moments' as such. Equation-level reading remains PENDING; recorded honestly.
bachas_1986,Concavity of the quarkonium potential,"Bachas, Constantin",1986,Phys.Rev.D,10.1103/PhysRevD.33.2723,PENDING_VERIFICATION,218332,positivity constraints on the static potential,Sign conditions on derivatives of the static potential derived from Euclidean positivity.,"Concavity of the quarkonium potential: V'(r)>=0, V''(r)<=0.",Concavity from reflection (Osterwalder-Schrader) positivity applied to a rectangular Wilson loop.,MEDIUM,partial,no,title/abstract verified via Crossref; statement confirmed via secondary literature (Pobylitsa 2007),Both derive alternating-sign derivative conditions on a static Wilson-loop observable from a positivity principle.,"Bachas obtains TWO derivative conditions on V(r) from reflection positivity ALONE, with no spectral hypothesis. We obtain infinitely many conditions on delta(r)/r^2, but only under H3, which is strictly stronger than reflection positivity. Our result is therefore NOT stronger in hypothesis-free content.","A referee will ask what H3 buys over reflection positivity. Answer must be in the paper: H3 is the extra input, and the payoff is the threshold tomography, which two derivatives cannot give."
pobylitsa_wilson_loop_inequalities_2007,"Inequalities for Wilson loops, cusp singularities, area law and shape of a drum","Pobylitsa, P.V.",2007,PENDING_VERIFICATION,PENDING_VERIFICATION,hep-th/0702123,744648,positivity constraints on the static potential,Generalizes the Bachas inequality to non-rectangular Wilson loops.,Not retrieved; PDF text extraction failed and HTML abstract lacks the inequalities.,PENDING_VERIFICATION,LOW,partial,no,abstract only; full text NOT read,Same axis as Bachas: reflection-positivity inequalities for Wilson loops.,Concerns loop shape rather than the spectral content of the radial profile.,Equation-level check PENDING_VERIFICATION. Searches for a complete-monotonicity hierarchy on V(r) in this literature returned nothing.
cordova_ohmori_rudelius_2022,Generalized symmetry breaking scales and weak gravity conjectures,"Cordova, Clay; Ohmori, Kantaro; Rudelius, Tom",2022,JHEP,10.1007/JHEP11(2022)154,2202.05866,2032095,generalized symmetry breaking,Defines q(r) and the breaking parameter; motivates WGC from strong breaking below M_Pl.,Definition of the effective one-form charge and the criterion delta_Lambda = O(1).,None claimed as theorem; a physical criterion.,"NONE (foundational, cited as the source of the observable)",partial,no,abstract + definitional equations verified,The observable delta is theirs. We do not claim it.,"They do not give it a spectral representation, nor use it to reconstruct a threshold.",Our Theorem A is a statement ABOUT their observable.
basile_golmohammadi_2025,Center Symmetry Breaking in Calabi–Yau Compactifications,"Basile, Ivano; Golmohammadi, Pouya",2025,Symmetry,10.3390/sym17040490,2503.19628,2904132,generalized symmetry breaking,Explicit one-loop profile for spinor/scalar QED and Calabi-Yau compactifications.,eq. (3) definition of q(r); Sec. 2 delta_Lambda = (r/q_inf) dq/dr; eq. (13) explicit spinor-QED profile.,None; explicit computation.,"NONE (foundational, and our eq. (8) reproduces their eq. (13) to 1e-30)",partial,no,equations (3) and (13) read and numerically reproduced,Their eq. (13) is exactly our leading-order delta(r) for one Dirac species.,"They compute the profile; they do not invert it for the threshold, and do not observe the Laplace/complete-monotonicity structure.",Sign of their written delta_Lambda differs from ours by the linking orientation; their explicit result is positive and agrees with ours.
uehling_1935,Polarization effects in the positron theory,"Uehling, E.A.",1935,Phys.Rev.,10.1103/PhysRev.48.55,PENDING_VERIFICATION,40014,vacuum polarization,The one-loop screening correction to the Coulomb potential.,Uehling coefficient 2 alpha/(3 pi); reproduced by our normalization.,n/a,NONE,partial,no,coefficient verified by independent rederivation,The Uehling potential is a superposition of Yukawas with weight rho_J: a Laplace transform. This is classical and we do not claim it.,We apply it to the radial derivative that defines the breaking profile.,Used as the calibration of all signs and 4pi factors.
wichmann_kroll_1956,Vacuum Polarization in a Strong Coulomb Field,"Wichmann, Eyvind H.; Kroll, Norman M.",1956,Phys.Rev.,10.1103/PhysRev.101.843,PENDING_VERIFICATION,45608,vacuum polarization,Vacuum polarization in a strong Coulomb field beyond leading order in Z alpha.,Not required for our leading-order statement.,n/a,LOW,partial,no,bibliographic verification only,Shows the linear-response kernel is not the whole story at strong source charge.,"Our H5 restricts to linear response in the source strength, which is where the two-point kernel controls the answer. Wichmann-Kroll is precisely the correction our H5 excludes.","Cited as the boundary of validity of H5, not as a competitor."
brown_weisberger_1979,Remarks on the Static Potential in Quantum Chromodynamics,"Brown, Lowell S.; Weisberger, William I.",1979,Phys.Rev.D,10.1103/PhysRevD.20.3239,PENDING_VERIFICATION,141197,static potential formalism,Definition and properties of the static potential in gauge theory.,Not retrieved at equation level.,PENDING_VERIFICATION,MEDIUM,partial,no,bibliographic verification only; full text NOT read,Establishes the Wilson-loop definition of V(r) that our H2/H5 use.,Unknown at equation level whether a spectral representation of V(r) equivalent to H3 is stated. THIS IS AN OPEN AUDIT ITEM.,"Flagged PENDING_VERIFICATION. If they state a Stieltjes representation of the static kernel, H3 should be attributed to them."
beneke_ruizfemenia_2016,"Threshold singularities, dispersion relations and fixed-order perturbative calculations","Beneke, Martin; Ruiz-Femenia, Pedro",2016,JHEP,10.1007/JHEP08(2016)145,1606.02434,1468175,threshold structure / massless cuts,Threshold singularities and dispersion relations in fixed-order perturbation theory.,Footnote 1 on massless multi-photon cuts in the photon vacuum polarization.,n/a,NONE (supports our limitation),partial,no,footnote read,None.,Used to justify why H2 (s_*>0) cannot be inferred from the electron mass in full QED.,"Supports our negative result, not a competitor."
bellazzini_positive_moments_2020,Positive moments for scattering amplitudes,"Bellazzini, Brando; Elias Miró, Joan; Rattazzi, Riccardo; Riembau, Marc; Riva, Francesco",2021,Phys.Rev.D,10.1103/PhysRevD.104.036006,2011.00037,1827503,positivity / moment methods in EFT,Hankel/moment positivity applied to scattering amplitudes.,Moment-cone and Hankel conditions.,Hankel positivity for Stieltjes moment sequences (classical).,MEDIUM,partial,no,abstract + known content,Hankel positivity from a positive spectral measure is the shared classical core.,Their variable is the Mandelstam s of a 2->2 amplitude; ours is a radial profile. They bound EFT coefficients; we bound a support edge.,Already cited in the main manuscript.
dvali_species_2007,Black Holes and Large N Species Solution to the Hierarchy Problem,"Dvali, Gia",2010,Fortsch.Phys.,10.1002/prop.201000009,0706.2050,753103,quantum gravity input,Species bound N Lambda^2 <~ M_Pl^2.,Species-scale relation used as hypothesis (32).,n/a,NONE,partial,no,statement verified,We import the bound as an explicit hypothesis.,We do not derive it and do not claim it.,Non-homogeneous gravitational input required for eq. (33).
arkanihamed_motl_nicolis_vafa_2006,"The String landscape, black holes and gravity as the weakest force","Arkani-Hamed, Nima; Motl, Lubos; Nicolis, Alberto; Vafa, Cumrun",2007,JHEP,10.1088/1126-6708/2007/06/060,hep-th/0601001,707820,quantum gravity input,The Weak Gravity Conjecture itself.,Electric WGC statement.,n/a,NONE,partial,no,statement verified,Target of the conditional implication.,"We prove only a conditional implication, not the conjecture.",
gaiotto_kapustin_seiberg_willett_2015,Generalized Global Symmetries,"Gaiotto, Davide; Kapustin, Anton; Seiberg, Nathan; Willett, Brian",2015,JHEP,10.1007/JHEP02(2015)172,1412.5148,1334564,generalized symmetry breaking,Higher-form symmetry framework and topological surface operators.,Definition of one-form symmetry generators.,n/a,NONE,partial,no,standard reference,Framework.,n/a,
harlow_ooguri_2018,Symmetries in quantum field theory and quantum gravity,"Harlow, Daniel; Ooguri, Hirosi",2021,Commun.Math.Phys.,10.1007/s00220-021-04040-y,1810.05338,1698230,quantum gravity input,No global symmetries in quantum gravity.,n/a,n/a,NONE,partial,no,standard reference,Motivation for why one-form symmetries must break.,n/a,
bakergravesmorris1996pade,PENDING_VERIFICATION,PENDING_VERIFICATION,PENDING_VERIFICATION,PENDING_VERIFICATION,PENDING_VERIFICATION,PENDING_VERIFICATION,PENDING_VERIFICATION,classical mathematics,"Pade approximants to Stieltjes series: bounds, pole interlacing, convergence.",Pade-to-Stieltjes bound theorems (classical).,Convergence and bounding properties of Pade approximants to series of Stieltjes.,MEDIUM,partial,no,standard reference; specific theorem numbers PENDING_VERIFICATION,The equivalence Pade <-> orthogonal polynomials <-> Hankel determinants makes our Theorem E classical mathematics.,We apply it in the radial Laplace variable to a symmetry-breaking observable.,We explicitly disclaim novelty of the mathematics.
