key,seed_query,title,authors,year,journal,volume,pages,doi,arxiv,inspire_id,provenance
cordova_ohmori_rudelius_2022,arxiv:2202.05866,Generalized symmetry breaking scales and weak gravity conjectures,"Cordova, Clay; Ohmori, Kantaro; Rudelius, Tom",2022,JHEP,11,154,10.1007/JHEP11(2022)154,2202.05866,2032095,"{""title"": ""inspire"", ""authors"": ""inspire"", ""year"": ""inspire"", ""journal"": ""inspire"", ""volume"": ""inspire"", ""pages"": ""inspire"", ""doi"": ""inspire"", ""arxiv"": ""inspire"", ""inspire_id"": ""inspire""}"
basile_golmohammadi_2025,arxiv:2503.19628,Center Symmetry Breaking in Calabi–Yau Compactifications,"Basile, Ivano; Golmohammadi, Pouya",2025,Symmetry,17,490,10.3390/sym17040490,2503.19628,2904132,"{""title"": ""inspire"", ""authors"": ""inspire"", ""year"": ""inspire"", ""journal"": ""inspire"", ""volume"": ""inspire"", ""pages"": ""inspire"", ""doi"": ""inspire"", ""arxiv"": ""inspire"", ""inspire_id"": ""inspire""}"
masjuan_peris_2009,arxiv:0903.0294,Pade Theory applied to the vacuum polarization of a heavy quark,"Masjuan, P.; Peris, S.",2010,Phys.Lett.B,686,307,10.1016/j.physletb.2010.02.069,0903.0294,814522,"{""title"": ""inspire"", ""authors"": ""inspire"", ""year"": ""doi"", ""journal"": ""inspire"", ""volume"": ""inspire"", ""pages"": ""inspire"", ""doi"": ""inspire"", ""arxiv"": ""inspire"", ""inspire_id"": ""inspire""}"
gaiotto_kapustin_seiberg_willett_2015,arxiv:1412.5148,Generalized Global Symmetries,"Gaiotto, Davide; Kapustin, Anton; Seiberg, Nathan; Willett, Brian",2015,JHEP,02,172,10.1007/JHEP02(2015)172,1412.5148,1334564,"{""title"": ""inspire"", ""authors"": ""inspire"", ""year"": ""doi"", ""journal"": ""inspire"", ""volume"": ""inspire"", ""pages"": ""inspire"", ""doi"": ""inspire"", ""arxiv"": ""inspire"", ""inspire_id"": ""inspire""}"
harlow_ooguri_2018,arxiv:1810.05338,Symmetries in quantum field theory and quantum gravity,"Harlow, Daniel; Ooguri, Hirosi",2021,Commun.Math.Phys.,383,1669,10.1007/s00220-021-04040-y,1810.05338,1698230,"{""title"": ""inspire"", ""authors"": ""inspire"", ""year"": ""journal volume"", ""journal"": ""inspire"", ""volume"": ""inspire"", ""pages"": ""inspire"", ""doi"": ""inspire"", ""arxiv"": ""inspire"", ""inspire_id"": ""inspire""}"
banks_seiberg_2010,arxiv:1011.5120,Symmetries and Strings in Field Theory and Gravity,"Banks, Tom; Seiberg, Nathan",2011,Phys.Rev.D,83,084019,10.1103/PhysRevD.83.084019,1011.5120,880647,"{""title"": ""inspire"", ""authors"": ""inspire"", ""year"": ""inspire"", ""journal"": ""inspire"", ""volume"": ""inspire"", ""pages"": ""crossref"", ""doi"": ""inspire"", ""arxiv"": ""inspire"", ""inspire_id"": ""inspire""}"
arkanihamed_motl_nicolis_vafa_2006,arxiv:hep-th/0601001,"The String landscape, black holes and gravity as the weakest force","Arkani-Hamed, Nima; Motl, Lubos; Nicolis, Alberto; Vafa, Cumrun",2007,JHEP,06,060,10.1088/1126-6708/2007/06/060,hep-th/0601001,707820,"{""title"": ""inspire"", ""authors"": ""inspire"", ""year"": ""journal volume"", ""journal"": ""inspire"", ""volume"": ""inspire"", ""pages"": ""inspire"", ""doi"": ""inspire"", ""arxiv"": ""inspire"", ""inspire_id"": ""inspire""}"
harlow_heidenreich_reece_rudelius_2022,arxiv:2201.08380,Weak gravity conjecture,"Harlow, Daniel; Heidenreich, Ben; Reece, Matthew; Rudelius, Tom",2023,Rev.Mod.Phys.,95,035003,10.1103/RevModPhys.95.035003,2201.08380,2694332,"{""title"": ""inspire"", ""authors"": ""inspire"", ""year"": ""journal volume"", ""journal"": ""inspire"", ""volume"": ""inspire"", ""pages"": ""inspire"", ""doi"": ""inspire"", ""arxiv"": ""inspire"", ""inspire_id"": ""inspire""}"
bachas_1986,doi:10.1103/PhysRevD.33.2723,Concavity of the quarkonium potential,"Bachas, Constantin",1986,Phys.Rev.D,33,2723,10.1103/PhysRevD.33.2723,PENDING_VERIFICATION,218332,"{""title"": ""crossref"", ""authors"": ""inspire"", ""year"": ""crossref"", ""journal"": ""inspire"", ""volume"": ""inspire"", ""pages"": ""inspire"", ""doi"": ""inspire"", ""inspire_id"": ""inspire""}"
uehling_1935,doi:10.1103/PhysRev.48.55,Polarization effects in the positron theory,"Uehling, E.A.",1935,Phys.Rev.,48,55,10.1103/PhysRev.48.55,PENDING_VERIFICATION,40014,"{""title"": ""inspire"", ""authors"": ""inspire"", ""year"": ""inspire"", ""journal"": ""inspire"", ""volume"": ""inspire"", ""pages"": ""inspire"", ""doi"": ""inspire"", ""inspire_id"": ""inspire""}"
wichmann_kroll_1956,doi:10.1103/PhysRev.101.843,Vacuum Polarization in a Strong Coulomb Field,"Wichmann, Eyvind H.; Kroll, Norman M.",1956,Phys.Rev.,101,843,10.1103/PhysRev.101.843,PENDING_VERIFICATION,45608,"{""title"": ""inspire"", ""authors"": ""inspire"", ""year"": ""inspire"", ""journal"": ""inspire"", ""volume"": ""inspire"", ""pages"": ""inspire"", ""doi"": ""inspire"", ""inspire_id"": ""inspire""}"
brown_weisberger_1979,doi:10.1103/PhysRevD.20.3239,Remarks on the Static Potential in Quantum Chromodynamics,"Brown, Lowell S.; Weisberger, William I.",1979,Phys.Rev.D,20,3239,10.1103/PhysRevD.20.3239,PENDING_VERIFICATION,141197,"{""title"": ""inspire"", ""authors"": ""inspire"", ""year"": ""inspire"", ""journal"": ""inspire"", ""volume"": ""inspire"", ""pages"": ""inspire"", ""doi"": ""inspire"", ""inspire_id"": ""inspire""}"
bellazzini_positive_moments_2020,arxiv:2011.00037,Positive moments for scattering amplitudes,"Bellazzini, Brando; Elias Miró, Joan; Rattazzi, Riccardo; Riembau, Marc; Riva, Francesco",2021,Phys.Rev.D,104,036006,10.1103/PhysRevD.104.036006,2011.00037,1827503,"{""title"": ""inspire"", ""authors"": ""inspire"", ""year"": ""journal volume"", ""journal"": ""inspire"", ""volume"": ""inspire"", ""pages"": ""crossref"", ""doi"": ""inspire"", ""arxiv"": ""inspire"", ""inspire_id"": ""inspire""}"
dvali_species_2007,arxiv:0706.2050,Black Holes and Large N Species Solution to the Hierarchy Problem,"Dvali, Gia",2010,Fortsch.Phys.,58,528,10.1002/prop.201000009,0706.2050,753103,"{""title"": ""inspire"", ""authors"": ""inspire"", ""year"": ""journal volume"", ""journal"": ""inspire"", ""volume"": ""inspire"", ""pages"": ""inspire"", ""doi"": ""inspire"", ""arxiv"": ""inspire"", ""inspire_id"": ""inspire""}"
beneke_ruizfemenia_2016,arxiv:1606.02434,"Threshold singularities, dispersion relations and fixed-order perturbative calculations","Beneke, Martin; Ruiz-Femenia, Pedro",2016,JHEP,08,145,10.1007/JHEP08(2016)145,1606.02434,1468175,"{""title"": ""inspire"", ""authors"": ""inspire"", ""year"": ""inspire"", ""journal"": ""inspire"", ""volume"": ""inspire"", ""pages"": ""inspire"", ""doi"": ""inspire"", ""arxiv"": ""inspire"", ""inspire_id"": ""inspire""}"
luscher_wolff_1990,doi:10.1016/0550-3213(90)90540-T,How to Calculate the Elastic Scattering Matrix in Two-dimensional Quantum Field Theories by Numerical Simulation,"Luscher, Martin; Wolff, Ulli",1990,Nucl.Phys.B,339,222,10.1016/0550-3213(90)90540-T,PENDING_VERIFICATION,294614,"{""title"": ""inspire"", ""authors"": ""inspire"", ""year"": ""inspire"", ""journal"": ""inspire"", ""volume"": ""inspire"", ""pages"": ""inspire"", ""doi"": ""inspire"", ""inspire_id"": ""inspire""}"
blossier_et_al_gevp_2009,arxiv:0902.1265,On the generalized eigenvalue method for energies and matrix elements in lattice field theory,"Blossier, Benoit; Della Morte, Michele; von Hippel, Georg; Mendes, Tereza; Sommer, Rainer",2009,JHEP,04,094,10.1088/1126-6708/2009/04/094,0902.1265,812818,"{""title"": ""inspire"", ""authors"": ""inspire"", ""year"": ""inspire"", ""journal"": ""inspire"", ""volume"": ""inspire"", ""pages"": ""inspire"", ""doi"": ""inspire"", ""arxiv"": ""inspire"", ""inspire_id"": ""inspire""}"
pobylitsa_wilson_loop_inequalities_2007,arxiv:hep-th/0702123,"Inequalities for Wilson loops, cusp singularities, area law and shape of a drum","Pobylitsa, P.V.",2007,PENDING_VERIFICATION,PENDING_VERIFICATION,PENDING_VERIFICATION,PENDING_VERIFICATION,hep-th/0702123,744648,"{""title"": ""inspire"", ""authors"": ""inspire"", ""year"": ""inspire"", ""arxiv"": ""inspire"", ""inspire_id"": ""inspire""}"
raman_2026_positivity_notes,arxiv:2603.28454,Lecture Notes on Positivity Properties of Scattering Amplitudes,"Raman, Prashanth",2026,PENDING_VERIFICATION,PENDING_VERIFICATION,PENDING_VERIFICATION,PENDING_VERIFICATION,2603.28454,3137200,"{""title"": ""inspire"", ""authors"": ""inspire"", ""year"": ""inspire"", ""arxiv"": ""inspire"", ""inspire_id"": ""inspire""}"
wagman_2025_lanczos,arxiv:2406.20009,"Lanczos Algorithm, the Transfer Matrix, and the Signal-to-Noise Problem","Wagman, Michael L.",2025,Phys.Rev.Lett.,134,241901,10.1103/pcvc-734h,2406.20009,2803123,"{""title"": ""inspire"", ""authors"": ""inspire"", ""year"": ""inspire"", ""journal"": ""inspire"", ""volume"": ""inspire"", ""pages"": ""inspire"", ""doi"": ""inspire"", ""arxiv"": ""inspire"", ""inspire_id"": ""inspire""}"
hackett_wagman_2025_block_lanczos,arxiv:2412.04444,Block Lanczos algorithm for lattice QCD spectroscopy and matrix elements,"Hackett, Daniel C.; Wagman, Michael L.",2025,Phys.Rev.D,112,014514,10.1103/fp74-q35q,2412.04444,2856227,"{""title"": ""inspire"", ""authors"": ""inspire"", ""year"": ""inspire"", ""journal"": ""inspire"", ""volume"": ""inspire"", ""pages"": ""inspire"", ""doi"": ""inspire"", ""arxiv"": ""inspire"", ""inspire_id"": ""inspire""}"
lawrence_2024_lagrange_duality,arxiv:2408.11766,Model-free spectral reconstruction via Lagrange duality,"Lawrence, Scott",2024,PENDING_VERIFICATION,PENDING_VERIFICATION,PENDING_VERIFICATION,PENDING_VERIFICATION,2408.11766,2820228,"{""title"": ""inspire"", ""authors"": ""inspire"", ""year"": ""inspire"", ""arxiv"": ""inspire"", ""inspire_id"": ""inspire""}"
mutzel_tilloy_2025,arxiv:2512.19594,Extracting quantum field theory dynamics from an approximate ground state,"Mutzel, Sophie; Tilloy, Antoine",2025,PENDING_VERIFICATION,PENDING_VERIFICATION,PENDING_VERIFICATION,PENDING_VERIFICATION,2512.19594,3094673,"{""title"": ""inspire"", ""authors"": ""inspire"", ""year"": ""inspire"", ""arxiv"": ""inspire"", ""inspire_id"": ""inspire""}"
loveridge_oliveira_silva_2022,arxiv:2203.00676,"Schwinger function, confinement, and positivity violation in pure gauge QED","Loveridge, Lee C.; Oliveira, Orlando; Silva, Paulo J.",2022,Phys.Rev.D,106,L011502,10.1103/PhysRevD.106.L011502,2203.00676,2040486,"{""title"": ""inspire"", ""authors"": ""inspire"", ""year"": ""inspire"", ""journal"": ""inspire"", ""volume"": ""inspire"", ""pages"": ""inspire"", ""doi"": ""inspire"", ""arxiv"": ""inspire"", ""inspire_id"": ""inspire""}"
seiler_1978,doi:10.1103/PhysRevD.18.482,Upper bound on the color-confining potential,"Seiler, Erhard",1978,Phys.Rev.D,18,482,10.1103/PhysRevD.18.482,PENDING_VERIFICATION,135816,"{""title"": ""crossref"", ""authors"": ""crossref"", ""year"": ""crossref"", ""journal"": ""inspire"", ""volume"": ""crossref"", ""pages"": ""inspire"", ""doi"": ""inspire"", ""inspire_id"": ""inspire""}"
hinrichs_polzer_2025,arxiv:2511.02867,Wiener-Type Theorems for the Laplace Transform. With Applications to Ground State Problems,Benjamin Hinrichs; Steffen Polzer,2025,PENDING_VERIFICATION,PENDING_VERIFICATION,PENDING_VERIFICATION,PENDING_VERIFICATION,2511.02867,PENDING_VERIFICATION,"{""title"": ""semantic_scholar"", ""authors"": ""semantic_scholar"", ""year"": ""semantic_scholar"", ""arxiv"": ""semantic_scholar""}"
giacosa_wolkanowski_2012,arxiv:1209.2332,Propagator poles and an emergent stable state below threshold: general discussion and the E(38) state,"Giacosa, Francesco; Wolkanowski, Thomas",2012,Mod.Phys.Lett.A,27,1250229,10.1142/S021773231250229X,1209.2332,1185117,"{""title"": ""inspire"", ""authors"": ""inspire"", ""year"": ""inspire"", ""journal"": ""inspire"", ""volume"": ""inspire"", ""pages"": ""crossref"", ""doi"": ""inspire"", ""arxiv"": ""inspire"", ""inspire_id"": ""inspire""}"
di_giacomo_dosch_shevchenko_simonov_2002,arxiv:hep-ph/0007223,Field correlators in QCD: Theory and applications,"Di Giacomo, A.; Dosch, Hans Gunter; Shevchenko, V.I.; Simonov, Yu.A.",2002,Phys.Rept.,372,319,10.1016/S0370-1573(02)00140-0,hep-ph/0007223,530561,"{""title"": ""inspire"", ""authors"": ""inspire"", ""year"": ""crossref"", ""journal"": ""inspire"", ""volume"": ""inspire"", ""pages"": ""inspire"", ""doi"": ""inspire"", ""arxiv"": ""inspire"", ""inspire_id"": ""inspire""}"
