claim_id,manuscript,statement,type,hypotheses,proof_status,nearest_precedent,dependencies,class,destination,note
P1-H1,paper1_spectral_structure,Wightman/Euclidean QFT setting for the gauge-invariant static response of an abelian theory with electrically charged matter.,hypothesis,-,assumed,Cordova-Ohmori-Rudelius 2022 (observable),-,PHYSICS,paper 1,"hyp:qft. Scope condition, not a claim."
P1-H2,paper1_spectral_structure,The coupled spectrum has a positive gap: M* = inf supp nu > 0.,hypothesis,-,assumed,standard mass-gap assumption,P1-H1,PHYSICS,paper 1,hyp:gap. Fails in full QED (massless multi-photon cuts); see P2-W for the gapless-safe target.
P1-H3,paper1_spectral_structure,Positive Stieltjes representation of the static response kernel G(Q^2).,hypothesis,-,assumed,Kallen-Lehmann positivity,P1-H1,PHYSICS,paper 1,hyp:stieltjes. THE substantive hypothesis. Whether it follows from reflection positivity is stage E2.
P1-H4,paper1_spectral_structure,Growth/integrability: nu has a finite exponential moment for some r0>0.,hypothesis,-,assumed,technical regularity,-,MATH,paper 1,hyp:growth. Used in the Theorem C tail bound and the Theorem E density argument.
P1-H5,paper1_spectral_structure,Linear-probe regime: static potential taken at order O(q_W^2) in the probe charge.,hypothesis,-,assumed,leading-order Wilson-loop cumulant,P1-H1,PHYSICS,paper 1,hyp:probe. Exactly hypothesis (L) of roadmap E2.0.
P1-A,paper1_spectral_structure,"Phi(r)=delta(r)/r^2 = int e^{-rx} dnu(x) with nu>=0, exactly (not merely to leading order in g).",theorem,H1-H5 (H3 substantive),proved conditionally,Uehling 1935; COR 2022; Basile-Golmohammadi 2025,"P1-H3,P1-H5",PHYSICS,paper 1,thm:A. Claim C1. Kernel identity d/dr[(1+r sqrt s)e^{-r sqrt s}] = -s r e^{-r sqrt s}.
P1-A1,paper1_spectral_structure,"Vacuum-polarization sign: dsigma = g^4 rho_J ds/s + O(g^6), reproducing Uehling.",theorem,one-loop matter kernel; one subtraction suffices,proved,Kallen-Lehmann; Uehling 1935,P1-A,PHYSICS,paper 1,Appendix A. Discriminating test: tests/test_sign_convention.py.
P1-B,paper1_spectral_structure,Phi is completely monotone; e^{M* r}Phi(r) is CM iff a positive measure with that support edge exists.,observation,positive measure; finite transform for r>0,classical application,Bernstein-Widder; Bachas 1986,P1-A,MATH,paper 1,"Prose in the scope section, not a numbered theorem. Claim C2. H3 is STRONGER than Bachas reflection positivity -- must not claim to strengthen him."
P1-C,paper1_spectral_structure,Gamma(r) = -(log Phi)'(r) is decreasing and decreases to M* = inf supp nu.,theorem,H1-H5,proved conditionally,lattice effective mass: Luscher-Wolff 1990; Blossier et al 2009,"P1-A,P1-H4",MATH,paper 1,"thm:C, proved in appendix. Claim C3. Mathematics identical to lattice effective mass."
P1-D,paper1_spectral_structure,Edge law Gamma = M* + p/r + beta p/r^2 + ... ; Dirac gives 2m + 3/(2r) - 5/(16 m r^2) + ...,theorem,edge expansion dnu/dx = C t^{p-1}[1+beta t+...]; exponential tail control,proved,Watson's lemma (NIST DLMF 2.3(ii)),P1-C,MATH,paper 1,"Appendix 'Edge law' paragraph, unnumbered. Check against Hinrichs-Polzer 2025 in E3."
P1-E,paper1_spectral_structure,"Local Hankel pencil: M* <= B_K, B_{K+1} <= B_K, B_K -> M*.",theorem,H0 positive definite (support has > K+1 points); exponential moment,proved conditionally,GEVP (Blossier et al); Pade-Stieltjes; Masjuan-Peris 2010,"P1-C,P1-H4",MATH,paper 1,thm:E. Claim C4. Carleman gives determinacy only; edge convergence proved separately via L^2 density.
P1-H,paper1_spectral_structure,No uniform lower bound on M* from a finite observation window without a minimum-weight assumption.,theorem,"finite window, finite precision",proved,inverse-Laplace ill-posedness; excited-state contamination,P1-A,MATH,paper 1,"thm:H. Claim C7. See P2-P2 (sharper, exact-rational) and P2-P3 (the converse with w0). KEEP in paper 1: it scopes the physical claims."
P1-I,paper1_spectral_structure,Conditional WGC-type bound max_i g|q_i| M_Pl/m_i >= sqrt(6 pi^2 (eta-tau-eps)/kappa); positivity alone cannot fix a WGC scale.,theorem,"quantified strong breaking eta, species bound kappa, tail bound tau, model error eps, all fixed in advance",proved conditionally,COR 2022; Dvali species bound,"P1-A,P1-L4",PHYSICS,paper 1,Claim C8. Scale-invariance no-go: Z cancels in Gamma and B_K. Never call this a derivation of the WGC.
P1-L4,paper1_spectral_structure,"One-species cap 0 <= delta_D <= g^2 q^2/(6 pi^2), saturated as r->0.",lemma,one-loop Dirac density,proved,COR 2022 per-species normalization,P1-A1,PHYSICS,paper 1,"The r->0 limit is a limit of the one-loop coefficient, not a controlled UV extrapolation of full QED."
P1D-F,paper1_ptbr_draft_only,Two-radius sandwich M* <= Gamma(r+h) <= G_h(r) <= Gamma(r).,theorem,positive nonzero measure,proved,mean value of a monotone function,P1-C,MATH,paper 2,VERIFIED ABSENT from paper/paper.tex and paper/appendix.tex. Lives only in the pt-BR Quarto draft.
P1D-G,paper1_ptbr_draft_only,"Derivative-free sampled hierarchy from Hausdorff moments b_j = Phi(r+jh)/Phi(r), with a deterministic error envelope.",theorem,nonsingular pencil; compact support in y=e^{-hx},proved conditionally,Hausdorff moment problem; lattice GEVP at discrete separations,P1-E,MATH,paper 2,"Claim C5. VERIFIED ABSENT from the canonical .tex although the README claim ledger lists C5 as a paper-1 claim -- discrepancy recorded in DECISIONS.md. Superseded by P2-P4, which does the same job with exact certificates."
P1D-C6,paper1_ptbr_draft_only,Mellin bridge c_n = (g_R^2 Gamma_E(2n+2))^{-1} int_0^inf r^{2n-1} delta_D(r) dr.,observation,Tonelli exchange,proved,standard Mellin transform of a Laplace representation,P1-A,MATH,paper 2,VERIFIED ABSENT from the canonical .tex. Elementary identity; candidate for discard in E3.
P2-P1,paper2_finite_data_certificates,"Subtractions do not change the exterior profile: under an N-subtracted dispersive form for G, Phi(r) = g_R^{-2} int s e^{-r sqrt s} dsigma(s) for every r>0.",proposition,"N-subtracted dispersion form (3); sigma >= 0 on [s0,inf) with s0>0; weighted integrability; tempered-distribution response; Coulomb residue fixes q_inf",proved,finite geometric-series identity; contact terms as derivatives of delta^(3)(r),P2 Sec. 2,PHYSICS,paper 1,ABSORB INTO PAPER 1. This is exactly step 3 of roadmap E2.1: it licenses UV subtractions without disturbing r>0. Core argument is analytic but the statement is observable-specific.
P2-P2,paper2_finite_data_certificates,"Interior finite-sample ambiguity: for any N, two positive probability measures with different lower edges share the first N moments b_0..b_{N-1}.",proposition,distinct 0<y_1<...<y_N<z<=1; positive weights summing to one; epsilon small,proved,Vandermonde invertibility,P2 Sec. 3,MATH,paper 2,"Exact-rational witness at N=3: edges 0.287682 vs 0.105361 with identical (1, 1/2, 7/24). Sharper than P1-H; cross-reference, do not merge."
P2-P3,paper2_finite_data_certificates,"Conditional two-sided localization: if P([M,M+Delta]) >= w0 > 0 and l <= f(t) <= u, then max(0, (-log u - Delta t - log(1/w0))/t) <= M <= -log(l)/t.",proposition,"P supported on [M,inf); near-edge mass w0; valid data bounds l,u",proved,elementary two-sided Laplace estimate,P2-P2,MATH,paper 2,"The converse face of P1-H: H says no bound WITHOUT minimum weight, P3 supplies the bound WITH it. w0 is a prior on the tilted measure and must not be fitted after seeing the edge."
P2-P4,paper2_finite_data_certificates,"Polynomial dual certificate: if q <= 1_{[z,1]} on [0,1] then W >= sum_j c_j bhat_j - sum_j |c_j| eta_j (and the dual upper bound).",proposition,"noisy normalized moments with |bhat_j - b_j| <= eta_j, eta_0=0",proved,weak duality for a moment problem; Lawrence 2024 (Lagrange duality),P2-W,MATH,paper 2,Noise-aware and gapless-safe. This is the rigorous replacement for P1D-G.
P2-P5,paper2_finite_data_certificates,"Persistence of a non-atomic lower edge: for dnu_p = p(e^{-hx})^2 dnu with p a nonzero real polynomial, inf supp nu_p = M.",proposition,"M finite; every (M, M+eps) carries positive non-atomic nu-mass",proved,zeros of p(e^{-hx}) form a finite set; Watson's lemma for the tail exponent,P2 Sec. 6,MATH,paper 2,A finite positive filter can suppress the leading power (alpha -> alpha+2k) but cannot open a gap.
P2-W,paper2_finite_data_certificates,"Finite-resolution weight target W(m;r0) = P([0,m]) = P_y([z,1]), z = e^{-hm}, as the inference target in place of an unqualified lowest-threshold estimate.",observation,tilted measure P at reference radius r0,definition,reframing; no direct precedent claimed,P2-P1,MATH,paper 2,"KEY REFRAMING: remains meaningful when M=0, i.e. exactly where P1-H2 fails. Observable- and r0-dependent; it measures a fraction of the Euclidean response, not a probability that a particle exists."
P2-BV,paper2_finite_data_certificates,"Bernstein-basis verification protocol: rationalize LP-proposed coefficients, repair by a rational constant shift, and re-verify all inequalities in exact fraction arithmetic on full subintervals.",observation,"degree-d Bernstein expansion on subintervals partitioning [0,z] and [z,1]",proved (method),Bernstein-basis positivity certificates,P2-P4,MATH,paper 2,"Does not trust optimizer tolerances; certifies on full intervals, not a plotted grid. 28 rational certificates stored. Directly relevant to roadmap E4.2 (interval_bounds.py mislabels randomized trials as CERTIFIED)."
