id,title,year,cluster,novelty_threat,reading_priority,read_status,oa_url,reason
doi:10.3150/12-bejsp06,Strictly and non-strictly positive definite functions on spheres,2013,X,95,65,DISCOVERED,https://projecteuclid.org/journals/bernoulli/volume-19/issue-4/Strictly-and-non-strictly-positive-definite-functions-on-spheres/10.3150/12-BEJSP06.pdf,"[3/3 groups] completely monotone, positive definite, support, correlation function, monotonicity, monotonic [CROSS-DOMAIN]"
doi:10.1007/jhep10(2025)100,Moments and saddles of heavy CFT correlators,2025,B,78,46,DISCOVERED,https://link.springer.com/content/pdf/10.1007/JHEP10(2025)100.pdf,"[3/3 groups] moment problem, stieltjes, correlator, correlation function, bounds on, constraints"
doi:10.5194/mr-2026-2,An open-access WebApp for Inverse Laplace Transform analysis of TD-NMR signals,2026,X,77,50,DISCOVERED,https://mr.copernicus.org/preprints/mr-2026-2/mr-2026-2.pdf,"[3/3 groups] inverse laplace, laplace transform, relaxation time, support, ill-posed, regularization [CROSS-DOMAIN]"
arxiv:2606.31647v2,Order-Moment Transport and Hankel Determinants in Special-Function Inequalities,2026,B,75,48,DISCOVERED,https://arxiv.org/abs/2606.31647v2,"[3/3 groups] completely monotone, hankel, support, convexity, inequalities"
arxiv:2606.31647v2,Order-Moment Transport and Hankel Determinants in Special-Function Inequalities,2026,H,75,48,DISCOVERED,https://arxiv.org/abs/2606.31647v2,"[3/3 groups] completely monotone, hankel, support, convexity, inequalities"
doi:10.3390/sym16030313,Indeterminate Stieltjes Moment Problem: Entropy Convergence,2024,A,73,43,DISCOVERED,https://www.mdpi.com/2073-8994/16/3/313/pdf?version=1709720174,"[3/3 groups] moment problem, stieltjes, support, concavity [CROSS-DOMAIN]"
arxiv:2606.14761v1,Inverse Laplace Transform for Dynamic Light Scattering: Impact of Regularization,2026,X,73,43,DISCOVERED,https://arxiv.org/abs/2606.14761v1,"[3/3 groups] inverse laplace, laplace transform, relaxation time, correlation function, regularization, estimation [CROSS-DOMAIN]"
doi:10.1103/zjzt-rv86,Lanczos algorithm for lattice QCD matrix elements,2025,G,66,44,DISCOVERED,https://doi.org/10.1103/zjzt-rv86,"[3/3 groups] transfer matrix, effective mass, correlator, error bound, determination [CROSS-DOMAIN]"
doi:10.1007/s10107-023-01993-x,Exploiting ideal-sparsity in the generalized moment problem with application to matrix factorization ranks,2023,B,66,39,DISCOVERED,https://link.springer.com/content/pdf/10.1007/s10107-023-01993-x.pdf,"[3/3 groups] moment problem, support, constraints, constraint [CROSS-DOMAIN]"
doi:10.32523/2306-6172-2022-10-1-40-50,Open questions asked to analysis and numerics concerning the Hausdorff moment problem,2022,H,64,38,DISCOVERED,https://arxiv.org/abs/2206.04127v1,"[3/3 groups] moment problem, hausdorff moment, decay rate, ill-posed"
doi:10.1016/j.jmaa.2022.126563,The strong truncated Hamburger moment problem with and without gaps,2021,B,62,44,DISCOVERED,https://arxiv.org/abs/2101.00486v2,"[3/3 groups] moment problem, hankel, support, necessary and sufficient"
doi:10.48550/arxiv.2006.08692,On a minimal solution for the indefinite truncated multidimensional moment problem,2020,D,62,44,DISCOVERED,https://arxiv.org/pdf/2006.08692,"[3/3 groups] moment problem, hankel, support, necessary and sufficient"
doi:10.48550/arxiv.2006.08692,On a minimal solution for the indefinite truncated multidimensional moment problem,2020,B,62,44,DISCOVERED,https://arxiv.org/pdf/2006.08692,"[3/3 groups] moment problem, hankel, support, necessary and sufficient"
doi:10.1016/j.jmaa.2022.126563,The strong truncated Hamburger moment problem with and without gaps,2021,H,62,44,DISCOVERED,https://arxiv.org/abs/2101.00486v2,"[3/3 groups] moment problem, hankel, support, necessary and sufficient"
doi:10.1017/s0269964825000063,Hausdorff moment transforms and their performance,2025,B,61,36,DISCOVERED,https://www.cambridge.org/core/services/aop-cambridge-core/content/view/EDF3F3C4CA5EEEFD5EA8CA05CCD16077/S0269964825000063a.pdf/div-class-title-hausdorff-moment-transforms-and-their-performance-div.pdf,"[3/3 groups] moment problem, hausdorff moment, support, reconstruct"
doi:10.1007/jhep10(2022)161,Pion spectral properties above the chiral crossover of QCD,2022,G,60,36,DISCOVERED,https://link.springer.com/content/pdf/10.1007/JHEP10(2022)161.pdf,"[3/3 groups] källén-lehmann, spectral function, correlator, correlation function, ill-posed, constraints"
doi:10.1007/jhep07(2016)151,From strong to weak coupling in holographic models of thermalization,2016,F,60,36,DISCOVERED,https://link.springer.com/content/pdf/10.1007%2FJHEP07%282016%29151.pdf,"[3/3 groups] spectral function, relaxation time, correlator, monotonic, bounds on [CROSS-DOMAIN]"
doi:10.1002/mp.16551,Relaxation spectral analysis in multi‐contrast vascular magnetic particle imaging,2023,X,59,35,DISCOVERED,https://onlinelibrary.wiley.com/doi/pdfdirect/10.1002/mp.16551,"[3/3 groups] multi-exponential, inverse laplace, relaxation time, estimation [CROSS-DOMAIN]"
doi:10.1007/jhep06(2021)043,Variations on the Maiani-Testa approach and the inverse problem,2021,E,57,34,DISCOVERED,https://link.springer.com/content/pdf/10.1007/JHEP06(2021)043.pdf,"[3/3 groups] inverse laplace, laplace transform, euclidean correlator, threshold, variational"
arxiv:2606.28167v1,Spectral densities from Euclidean correlators via integral transforms: theoretical framework,2026,E,57,39,DISCOVERED,https://arxiv.org/abs/2606.28167v1,"[3/3 groups] inverse laplace, laplace transform, euclidean correlator, correlator, reconstruct"
doi:10.1109/tsp.2015.2463255,MUSIC for Multidimensional Spectral Estimation: Stability and Super-Resolution,2015,H,56,33,DISCOVERED,https://arxiv.org/pdf/1511.02727,"[3/3 groups] hankel, correlation function, reconstruction, reconstruct [CROSS-DOMAIN]"
doi:10.3390/ma17194870,Direct Identification of the Continuous Relaxation Time and Frequency Spectra of Viscoelastic Materials,2024,X,56,33,DISCOVERED,https://doi.org/10.3390/ma17194870,"[3/3 groups] relaxation spectrum, relaxation time, ill-posed, regularization [CROSS-DOMAIN]"
doi:10.3390/ma18184403,On Sampling-Times-Independent Identification of Relaxation Time and Frequency Spectra Models of Viscoelastic Materials Using Stress Relaxation Experiment Data,2025,X,56,33,DISCOVERED,https://www.mdpi.com/1996-1944/18/18/4403/pdf?version=1758448543,"[3/3 groups] relaxation spectrum, relaxation time, ill-posed, regularization [CROSS-DOMAIN]"
doi:10.3390/polym17010031,Optimal Choice of the Regularization Parameter for Direct Identification of Polymers Relaxation Time and Frequency Spectra,2024,X,56,33,DISCOVERED,https://www.mdpi.com/2073-4360/17/1/31/pdf?version=1735225876,"[3/3 groups] relaxation spectrum, relaxation time, ill-posed, regularization [CROSS-DOMAIN]"
openalex:W2232740817,Characterisation of lactose in the liquid and solid state using nuclear magnetic resonance and other methods : a thesis presented in partial fulfilment of the requirements for the degree of Doctor of Philosophy at Massey University,1995,X,56,33,DISCOVERED,https://mro.massey.ac.nz/bitstreams/db94dc16-4ecf-4a07-955f-1d5d37e6b69e/download,"[3/3 groups] multiexponential, relaxation spectrum, relaxation time, determination [CROSS-DOMAIN]"
doi:10.1109/tsp.2007.894259,Sampling Schemes for Multidimensional Signals With Finite Rate of Innovation,2007,H,56,33,DISCOVERED,,"[3/3 groups] prony, support, reconstruction, reconstruct [CROSS-DOMAIN]"
doi:10.1090/s0002-9947-2014-06183-7,Functions preserving positive definiteness for sparse matrices,2014,A,55,40,DISCOVERED,https://www.ams.org/tran/2015-367-01/S0002-9947-2014-06183-7/S0002-9947-2014-06183-7.pdf,"[3/3 groups] positive definite, threshold, condition number, monotonic [CROSS-DOMAIN]"
doi:10.1016/j.physletb.2010.02.069,Pade Theory applied to the vacuum polarization of a heavy quark,2009,F,55,33,DISCOVERED,https://arxiv.org/abs/0903.0294v1,"[3/3 groups] stieltjes, pade approximant, vacuum polarization, threshold, reconstruct"
doi:10.1016/j.mechmat.2023.104643,Automated identification of linear viscoelastic constitutive laws with EUCLID,2023,X,54,32,DISCOVERED,https://doi.org/10.1016/j.mechmat.2023.104643,"[3/3 groups] prony, relaxation time, regularization, constraint [CROSS-DOMAIN]"
doi:10.1088/1361-6420/ab2944,A kernel approach to deconvolution of the complex modulus in linear viscoelasticity,2019,X,54,39,DISCOVERED,https://iopscience.iop.org/article/10.1088/1361-6420/ab2944/pdf,"[3/3 groups] relaxation spectrum, relaxation time, regularization, characterization [CROSS-DOMAIN]"
doi:10.22323/1.256.0339,A variational method for spectral functions,2017,E,54,32,DISCOVERED,https://pos.sissa.it/256/339/pdf,"[3/3 groups] spectral function, euclidean correlator, correlator, generalized eigenvalue, variational"
doi:10.1103/physrevd.102.094001,Doubly-hidden scalar heavy molecules and tetraquarks states from QCD at NLO,2020,F,54,37,DISCOVERED,http://link.aps.org/pdf/10.1103/PhysRevD.102.094001,"[3/3 groups] inverse laplace, laplace transform, lowest mass, threshold, estimate"
doi:10.20776/900120938,Analytic structures of the Landau-gauge QCD propagators and complex singularities,2022,G,54,32,DISCOVERED,https://opac.ll.chiba-u.jp/da/curator/900120938/WGA_0032.pdf,"[3/3 groups] källén-lehmann, spectral representation, correlation function, reconstruction, reconstruct"
doi:10.1016/j.media.2021.102045,Data-Driven multi-Contrast spectral microstructure imaging with InSpect: INtegrated SPECTral component estimation and mapping,2021,H,53,31,DISCOVERED,https://www.sciencedirect.com/science/article/pii/S1361841521000918/pdf,"[3/3 groups] laplace transform, support, ill-posed, estimation [CROSS-DOMAIN]"
arxiv:2603.23051v3,A kernel-derived orthogonal basis for spectral functions from Euclidean correlators,2026,E,53,35,DISCOVERED,https://arxiv.org/abs/2603.23051v3,"[3/3 groups] spectral function, euclidean correlator, correlator, ill-posed, reconstruction"
arxiv:2605.15674v1,Spectral reconstruction from Euclidean lattice correlators through singular value decomposition,2026,E,53,31,DISCOVERED,https://arxiv.org/abs/2605.15674v1,"[3/3 groups] inverse laplace, laplace transform, correlator, reconstruction, reconstruct"
doi:10.1051/epjconf/202227404006,Static quark anti-quark interactions at non-zero temperature from lattice QCD,2022,G,52,8,DISCOVERED,https://arxiv.org/abs/2211.12937v2,"[3/3 groups] spectral function, static quark, correlator, reconstruction, reconstruct"
doi:10.3390/math10183288,Markov Moment Problem and Sandwich Conditions on Bounded Linear Operators in Terms of Quadratic Forms,2022,B,52,43,DISCOVERED,https://www.mdpi.com/2227-7390/10/18/3288/pdf?version=1686126982,"[3/3 groups] moment problem, support, characterization, constraints"
doi:10.1051/epjconf/202227404006,Static quark anti-quark interactions at non-zero temperature from lattice QCD,2022,E,52,36,DISCOVERED,https://arxiv.org/abs/2211.12937v2,"[3/3 groups] spectral function, static quark, correlator, reconstruction, reconstruct"
doi:10.1103/physrevlett.111.182003,Bayesian Approach to Spectral Function Reconstruction for Euclidean Quantum Field Theories,2013,E,52,36,DISCOVERED,https://arxiv.org/pdf/1307.6106,"[3/3 groups] spectral function, heavy quark potential, correlator, reconstruction, reconstruct"
doi:10.1016/j.nuclphysa.2018.10.012,Realistic in-medium heavy-quark potential from high statistics lattice QCD simulations,2019,E,52,31,DISCOVERED,https://doi.org/10.1016/j.nuclphysa.2018.10.012,"[3/3 groups] spectral function, heavy quark potential, correlator, reconstruction, reconstruct"
doi:10.1007/jhep12(2015)101,Quarkonium at finite temperature: towards realistic phenomenology from first principles,2015,E,52,31,DISCOVERED,https://link.springer.com/content/pdf/10.1007%2FJHEP12%282015%29101.pdf,"[3/3 groups] spectral function, euclidean correlator, correlator, reconstruction, reconstruct"
doi:10.48550/arxiv.2202.09333,On the complex structure of Yang-Mills theory,2022,G,52,31,DISCOVERED,https://arxiv.org/pdf/2202.09333,"[3/3 groups] spectral representation, spectral function, mass gap, reconstruction, reconstruct"
doi:10.21468/scipost.report.6035,Report on scipost_202209_00032v1,2022,G,52,31,DISCOVERED,https://scipost.org/preprints/scipost_202209_00032v1/,"[3/3 groups] spectral representation, spectral function, mass gap, reconstruction, reconstruct"
doi:10.1007/s00211-024-01422-x,Moment-SoS methods for optimal transport problems,2024,B,51,30,DISCOVERED,https://doi.org/10.1007/s00211-024-01422-x,"[3/3 groups] moment problem, support, constraints, constraint"
doi:10.48550/arxiv.2211.10742,Moment-SoS Methods for Optimal Transport Problems,2022,B,51,30,DISCOVERED,https://arxiv.org/pdf/2211.10742,"[3/3 groups] moment problem, support, constraints, constraint"
doi:10.25911/5f1ead734c341,"Non-negative Polynomials, Sums of Squares & The Moment Problem",2020,B,50,34,DISCOVERED,http://hdl.handle.net/1885/206360,"[2/3 groups] moment problem, hankel, inequalities, constraint [CROSS-DOMAIN]"
doi:10.1007/jhep04(2023)053,Probing de Sitter from the horizon,2023,G,49,29,DISCOVERED,https://link.springer.com/content/pdf/10.1007/JHEP04(2023)053.pdf,"[3/3 groups] källén-lehmann, spectral density, correlator, constraints, constraint"
arxiv:2605.14652v1,Extraction of spectral densities from lattice correlators: decoupling signal from noise,2026,E,49,29,DISCOVERED,https://arxiv.org/abs/2605.14652v1,"[3/3 groups] spectral density, euclidean correlator, correlator, regularization, extraction"
doi:10.1103/pcvc-734h,"Lanczos Algorithm, the Transfer Matrix, and the Signal-to-Noise Problem",2025,G,49,37,DISCOVERED,https://doi.org/10.1103/pcvc-734h,"[3/3 groups] transfer matrix, effective mass, correlation function, error bound, estimate"
doi:10.1002/mrm.24170,Bayesian algorithm using spatial priors for multiexponentialT2relaxometry from multiecho spin echo MRI,2012,H,49,29,DISCOVERED,https://onlinelibrary.wiley.com/doi/pdfdirect/10.1002/mrm.24170,"[3/3 groups] multiexponential, relaxation time, ill-posed [CROSS-DOMAIN]"
doi:10.1103/physrevd.111.094515,Spectral densities from Euclidean lattice correlators via the Mellin transform,2025,E,48,33,DISCOVERED,http://link.aps.org/pdf/10.1103/PhysRevD.111.094515,"[3/3 groups] inverse laplace, laplace transform, correlator, correlation function, determination"
doi:10.1103/physrevd.111.094515,Spectral densities from Euclidean lattice correlators via the Mellin transform,2025,C,48,28,DISCOVERED,http://link.aps.org/pdf/10.1103/PhysRevD.111.094515,"[3/3 groups] inverse laplace, laplace transform, correlator, correlation function, determination"
doi:10.1553/etna_vol57s1,The degree of ill-posedness of composite linear ill-posed problems with focus on the impact of the non-compact Hausdorff moment operator,2022,B,47,28,DISCOVERED,https://epub.oeaw.ac.at/0xc1aa5576_0x003d4564.pdf,"[3/3 groups] hausdorff moment, decay rate, ill-posed, lower bound"
doi:10.1007/jhep07(2022)034,Inclusive rates from smeared spectral densities in the two-dimensional O(3) non-linear σ-model,2022,E,47,28,DISCOVERED,https://link.springer.com/content/pdf/10.1007/JHEP07(2022)034.pdf,"[3/3 groups] spectral density, correlator, correlation function, ill-posed, reconstruction"
doi:10.1553/etna_vol57s1,The degree of ill-posedness of composite linear ill-posed problems with focus on the impact of the non-compact Hausdorff moment operator,2022,H,47,28,DISCOVERED,https://epub.oeaw.ac.at/0xc1aa5576_0x003d4564.pdf,"[3/3 groups] hausdorff moment, decay rate, ill-posed, lower bound"
doi:10.1007/jhep07(2022)034,Inclusive rates from smeared spectral densities in the two-dimensional O(3) non-linear σ-model,2022,G,47,28,DISCOVERED,https://link.springer.com/content/pdf/10.1007/JHEP07(2022)034.pdf,"[3/3 groups] spectral density, correlator, correlation function, ill-posed, reconstruction"
doi:10.1007/jhep05(2021)255,New positivity bounds from full crossing symmetry,2021,G,45,27,DISCOVERED,https://link.springer.com/content/pdf/10.1007/JHEP05(2021)255.pdf,"[3/3 groups] dispersion relation, wilson coefficient, positivity bound, lower bound"
doi:10.1016/j.neuroimage.2020.117159,Multi-compartment relaxometry and diffusion informed myelin water imaging – Promises and challenges of new gradient echo myelin water imaging methods,2020,H,45,27,DISCOVERED,https://www.sciencedirect.com/science/article/pii/S1053811920306455/pdf,"[3/3 groups] multi-exponential, relaxation time, estimation [CROSS-DOMAIN]"
openalex:W2600308607,Prony series representation and interconversion of viscoelastic material functions of equine cortical bone,2009,H,45,31,DISCOVERED,http://rave.ohiolink.edu/etdc/view?acc_num=case1244227114,"[3/3 groups] prony, support, characterization [CROSS-DOMAIN]"
doi:10.1093/ptep/ptaa044,Reconstruction of smeared spectral functions from Euclidean correlation functions,2020,E,45,27,DISCOVERED,https://academic.oup.com/ptep/article-pdf/2020/4/043B07/33149461/ptaa044.pdf,"[3/3 groups] spectral function, correlator, correlation function, reconstruction, reconstruct"
doi:10.48550/arxiv.1510.02901,A stochastic approach to the reconstruction of spectral functions in lattice QCD,2015,E,45,27,DISCOVERED,https://arxiv.org/pdf/1510.02901,"[3/3 groups] spectral function, correlator, correlation function, reconstruction, reconstruct"
doi:10.1007/jhep05(2021)255,New positivity bounds from full crossing symmetry,2021,I,45,27,DISCOVERED,https://link.springer.com/content/pdf/10.1007/JHEP05(2021)255.pdf,"[3/3 groups] dispersion relation, wilson coefficient, positivity bound, lower bound"
doi:10.1007/jhep03(2024)180,Capping the positivity cone: dimension-8 Higgs operators in the SMEFT,2024,I,45,27,DISCOVERED,https://link.springer.com/content/pdf/10.1007/JHEP03(2024)180.pdf,"[3/3 groups] dispersion relation, wilson coefficient, positivity bound, upper bound"
doi:10.1007/jhep02(2019)006,Two-pion contribution to hadronic vacuum polarization,2019,F,44,26,DISCOVERED,https://link.springer.com/content/pdf/10.1007/JHEP02(2019)006.pdf,"[3/3 groups] dispersion relation, vacuum polarization, form factor, constraints, constraint"
doi:10.48550/arxiv.1211.0900,Completely monotone functions - a digest,2012,A,44,26,DISCOVERED,https://arxiv.org/pdf/1211.0900,"[2/3 groups] completely monotone, laplace transform, convexity [CROSS-DOMAIN]"
doi:10.1090/qam/1330653,"Monotonic, completely monotonic, and exponential relaxation functions in linear viscoelasticity",1995,A,44,33,DISCOVERED,https://www.ams.org/qam/1995-53-02/S0033-569X-1995-1330653-0/S0033-569X-1995-1330653-0.pdf,"[2/3 groups] complete monotonicity, monotonicity, monotonic [CROSS-DOMAIN]"
doi:10.3390/sym16030278,A New Method for the Analysis of Broadband Oscillation Mode of New Energy Stations,2024,H,44,31,DISCOVERED,https://www.mdpi.com/2073-8994/16/3/278/pdf?version=1709093968,"[3/3 groups] prony, threshold, reconstruction, reconstruct"
doi:10.48550/arxiv.2110.13521,Machine learning spectral functions in lattice QCD,2021,E,44,26,DISCOVERED,https://arxiv.org/pdf/2110.13521,"[3/3 groups] spectral function, correlator, correlation function, reconstruct, variational"
doi:10.48550/arxiv.2110.13521,Machine learning spectral functions in lattice QCD,2021,F,44,26,DISCOVERED,https://arxiv.org/pdf/2110.13521,"[3/3 groups] spectral function, correlator, correlation function, reconstruct, variational"
doi:10.1007/jhep10(2023)135,Causality bounds on scalar-tensor EFTs,2023,I,44,26,DISCOVERED,https://link.springer.com/content/pdf/10.1007/JHEP10(2023)135.pdf,"[3/3 groups] dispersion relation, wilson coefficient, positivity bound, bounds on"
doi:10.1007/jhep08(2025)175,Graviton loops and negativity,2025,I,44,26,DISCOVERED,https://link.springer.com/content/pdf/10.1007/JHEP08(2025)175.pdf,"[3/3 groups] dispersion relation, wilson coefficient, positivity bound, bounds on"
doi:10.48550/arxiv.1606.01567,Fast and Provable Algorithms for Spectrally Sparse Signal Reconstruction via Low-Rank Hankel Matrix Completion,2016,H,44,26,DISCOVERED,https://arxiv.org/pdf/1606.01567,"[3/3 groups] hankel, threshold, reconstruction, reconstruct"
arxiv:2606.21815v1,A Moment--Hankel Rank Method for Identifying the Number of Point Sources in the Heat Equation,2026,H,44,26,DISCOVERED,https://arxiv.org/abs/2606.21815v1,"[3/3 groups] hankel, threshold, reconstruction, reconstruct"
doi:10.48550/arxiv.1707.00146,Complete Monotonicity of Fractional Kinetic Functions,2017,A,44,29,DISCOVERED,https://arxiv.org/pdf/1707.00146,"[2/3 groups] complete monotonicity, monotonicity, monotonic [CROSS-DOMAIN]"
doi:10.3390/polym15163464,On Recovery of a Non-Negative Relaxation Spectrum Model from the Stress Relaxation Test Data,2023,X,43,25,DISCOVERED,https://www.mdpi.com/2073-4360/15/16/3464/pdf?version=1692366503,"[3/3 groups] relaxation spectrum, relaxation time, constraint [CROSS-DOMAIN]"
doi:10.1007/jhep12(2021)115,Triple crossing positivity bounds for multi-field theories,2021,I,43,29,DISCOVERED,https://link.springer.com/content/pdf/10.1007/JHEP12(2021)115.pdf,"[3/3 groups] dispersion relation, wilson coefficient, positivity bound, constraints"
doi:10.1029/2023jb026438,Hankel Spectrum Analysis: A Decomposition Method for Quasi‐Periodic Signals and Its Geophysical Applications,2023,H,43,25,DISCOVERED,https://onlinelibrary.wiley.com/doi/pdfdirect/10.1029/2023JB026438,"[3/3 groups] hankel, support, estimation [CROSS-DOMAIN]"
doi:10.1007/jhep05(2024)332,Pseudo-scalar meson spectral properties in the chiral crossover region of QCD,2024,G,42,25,DISCOVERED,https://doi.org/10.1007/jhep05(2024)332,"[3/3 groups] spectral function, correlator, correlation function, constraints, constraint"
doi:10.48550/arxiv.1502.04647,Completely monotone functions and some classes of fractional evolution equations,2015,A,42,25,DISCOVERED,https://arxiv.org/pdf/1502.04647,"[2/3 groups] completely monotone, complete monotonicity, monotonicity, monotonic"
doi:10.1090/s0002-9947-97-01966-1,Strict definiteness of integrals via complete monotonicity of derivatives,1997,A,42,25,DISCOVERED,https://www.ams.org/tran/1997-349-08/S0002-9947-97-01966-1/S0002-9947-97-01966-1.pdf,"[2/3 groups] completely monotone, complete monotonicity, monotonicity, monotonic"
arxiv:1511.08345v2,Complete monotonicity and bernstein properties of functions are characterized by their restriction on N,2015,A,42,32,DISCOVERED,https://arxiv.org/abs/1511.08345v2,"[2/3 groups] completely monotone, complete monotonicity, monotonicity, monotonic"
arxiv:2607.09868v1,Determinacy Witnesses in the Completely Monotone--Stieltjes--Bernstein Hierarchy,2026,A,42,25,DISCOVERED,https://arxiv.org/abs/2607.09868v1,"[2/3 groups] completely monotone, complete monotonicity, monotonicity, monotonic"
doi:10.1007/s11511-014-0121-6,Complete monotonicity for inverse powers of some combinatorially defined polynomials,2014,A,42,28,DISCOVERED,https://projecteuclid.org/journals/acta-mathematica/volume-213/issue-2/Complete-monotonicity-for-inverse-powers-of-some-combinatorially-defined-polynomials/10.1007/s11511-014-0121-6.pdf,"[2/3 groups] completely monotone, complete monotonicity, monotonicity, monotonic"
doi:10.1523/jneurosci.5808-12.2014,"A Unified Mathematical Framework for Coding Time, Space, and Sequences in the Hippocampal Region",2014,C,42,25,DISCOVERED,https://www.jneurosci.org/content/jneuro/34/13/4692.full.pdf,"[3/3 groups] inverse laplace, laplace transform, support, reconstruct"
doi:10.48550/arxiv.1404.1484,MUSIC for Single-Snapshot Spectral Estimation: Stability and Super-resolution,2014,H,42,25,DISCOVERED,https://arxiv.org/pdf/1404.1484,"[3/3 groups] hankel, correlation function, upper bound, reconstruction"
arxiv:2607.09868v1,Determinacy Witnesses in the Completely Monotone--Stieltjes--Bernstein Hierarchy,2026,B,42,25,DISCOVERED,https://arxiv.org/abs/2607.09868v1,"[2/3 groups] completely monotone, complete monotonicity, monotonicity, monotonic"
doi:10.1088/1742-5468/2010/08/p08019,Entropy inequalities from reflection positivity,2010,G,42,25,DISCOVERED,https://arxiv.org/abs/1004.4599,"[3/3 groups] reflection positivity, correlator, inequality, inequalities"
arxiv:2606.27101v1,Approximating Feynman integrals using complete monotonicity and Stieltjes properties,2026,A,41,29,DISCOVERED,https://arxiv.org/abs/2606.27101v1,"[2/3 groups] complete monotonicity, stieltjes, rigorous bound, monotonicity"
doi:10.3150/08-bej139,The Dagum family of isotropic correlation functions,2008,X,41,24,DISCOVERED,https://projecteuclid.org/journals/bernoulli/volume-14/issue-4/The-Dagum-family-of-isotropic-correlation-functions/10.3150/08-BEJ139.pdf,"[3/3 groups] positive definite, correlation function, monotonic [CROSS-DOMAIN]"
doi:10.1090/s0002-9947-2012-05701-1,The $\mathbf {K}$-moment problem for continuous linear functionals,2012,B,41,28,DISCOVERED,https://www.ams.org/tran/2013-365-05/S0002-9947-2012-05701-1/S0002-9947-2012-05701-1.pdf,"[3/3 groups] moment problem, support, characterization"
doi:10.1016/j.jat.2015.09.002,The Nevanlinna parametrization for q -Lommel polynomials in the indeterminate case,2015,B,41,24,DISCOVERED,https://www.sciencedirect.com/science/article/pii/S0021904515001434/pdf,"[2/3 groups] moment problem, hamburger, estimate [CROSS-DOMAIN]"
doi:10.2298/fil1607659q,Integral representations and properties of some functions involving the logarithmic function,2016,A,40,24,DISCOVERED,http://www.doiserbia.nb.rs/ft.aspx?id=0354-51801607659Q,"[2/3 groups] complete monotonicity, bernstein function, monotonicity, monotonic"
doi:10.1090/s0025-5718-2012-02629-9,Complete monotonicity and related properties of some special functions,2012,A,40,24,DISCOVERED,https://www.ams.org/mcom/2013-82-282/S0025-5718-2012-02629-9/S0025-5718-2012-02629-9.pdf,"[2/3 groups] complete monotonicity, bernstein function, monotonicity, monotonic"
doi:10.3390/app13137558,A Harmonic and Interharmonic Detection Method for Power Systems Based on Enhanced SVD and the Prony Algorithm,2023,H,40,24,DISCOVERED,https://www.mdpi.com/2076-3417/13/13/7558/pdf?version=1687842963,"[3/3 groups] prony, screening, reconstruction, reconstruct"
doi:10.1051/epjconf/201817503008,Direct detection of metal-insulator phase transitions using the modified Backus-Gilbert method,2017,E,40,24,DISCOVERED,https://arxiv.org/abs/1710.06675v1,"[3/3 groups] dispersion relation, mass gap, reconstruct, regularization"
arxiv:2112.09966v1,An application of a moment problem to completely monotonic functions,2021,A,40,24,DISCOVERED,https://arxiv.org/abs/2112.09966v1,"[2/3 groups] complete monotonicity, moment problem, monotonicity, monotonic"
arxiv:1109.3057v1,Trace inequalities for completely monotone functions and Bernstein functions,2011,A,39,23,DISCOVERED,https://arxiv.org/abs/1109.3057v1,"[2/3 groups] completely monotone, bernstein function, inequality, inequalities"
doi:10.1088/0305-4616/12/10/006,A Stieltjes extrapolation to the unphysical cut of the K p forward elastic amplitude,1986,D,39,23,DISCOVERED,https://iopscience.iop.org/article/10.1088/0305-4616/12/10/006/pdf,"[3/3 groups] stieltjes, dispersion relation, threshold, determination"
doi:10.22323/1.466.0197,The NRQCD $\Upsilon$ spectrum at non-zero temperatures using Backus-Gilbert regularisations,2025,E,39,23,DISCOVERED,https://pos.sissa.it/466/197/pdf,"[3/3 groups] laplace transform, spectral function, correlation function, ill-posed"
doi:10.26083/tuprints-00017610,The Color-Electric Field Correlator under Gradient Flow at next-to-leading Order in Quantum Chromodynamics,2021,E,39,23,DISCOVERED,https://tuprints.ulb.tu-darmstadt.de/17610,"[3/3 groups] spectral function, euclidean correlator, correlator, determination"
arxiv:2502.03060v1,The NRQCD $Υ$ spectrum at non-zero temperature using Backus-Gilbert regularisations,2025,E,39,23,DISCOVERED,https://arxiv.org/abs/2502.03060v1,"[3/3 groups] laplace transform, spectral function, correlation function, ill-posed"
doi:10.1017/s0266466610000484,"HIGHER-ORDER ACCURATE, POSITIVE SEMIDEFINITE ESTIMATION OF LARGE-SAMPLE COVARIANCE AND SPECTRAL DENSITY MATRICES",2011,I,39,23,DISCOVERED,https://www.cambridge.org/core/services/aop-cambridge-core/content/view/8B6C65FEEBDDEABDFF2BE265884CED3D/S0266466610000484a.pdf/div-class-title-higher-order-accurate-positive-semidefinite-estimation-of-large-sample-covariance-and-spectral-density-matrices-div.pdf,"[3/3 groups] spectral density, positive definite, support, estimation, estimate"
doi:10.2478/v10178-011-0051-y,Frequency and Damping Estimation Methods - An Overview,2011,H,39,23,DISCOVERED,http://journals.pan.pl/Content/89815/PDF/Journal10178-VolumeXVIII%20Issue4_01paper.pdf,"[3/3 groups] prony, correlation function, lower bound, estimation"
doi:10.1109/tpwrs.2014.2372478,Sparsity-Exploiting Moment-Based Relaxations of the Optimal Power Flow Problem,2014,B,39,23,DISCOVERED,https://ieeexplore.ieee.org/ielx7/59/7175086/06980142.pdf,"[2/3 groups] moment problem, constraints, constraint [CROSS-DOMAIN]"
doi:10.48550/arxiv.1703.05085,Semidefinite Approximations of Reachable Sets for Discrete-time\n Polynomial Systems,2017,B,39,23,DISCOVERED,https://arxiv.org/pdf/1703.05085,"[2/3 groups] moment problem, constraints, constraint [CROSS-DOMAIN]"
arxiv:1605.03866v1,Stability Estimates for Truncated Fourier and Laplace Transforms,2016,C,39,23,DISCOVERED,https://arxiv.org/abs/1605.03866v1,"[3/3 groups] laplace transform, support, inequality, inequalities"
doi:10.1103/physrev.101.843,Vacuum Polarization in a Strong Coulomb Field,1956,G,39,23,DISCOVERED,,"[3/3 groups] laplace transform, vacuum polarization, uehling, regularization"
doi:10.48550/arxiv.1012.0234,The errant life of a heavy quark in the quark-gluon plasma,2010,G,38,22,DISCOVERED,https://arxiv.org/pdf/1012.0234,"[3/3 groups] spectral function, euclidean correlator, correlator, estimate"
doi:10.1016/j.physletb.2019.135171,Spectral functions of confined particles,2019,F,38,22,DISCOVERED,https://www.sciencedirect.com/science/article/pii/S0370269319308937/pdf,"[3/3 groups] spectral function, correlator, reconstruction, reconstruct"
doi:10.1214/07-aos556,"Multivariate Archimedean copulas, d-monotone functions and ℓ1-norm symmetric distributions",2009,A,38,34,DISCOVERED,https://projecteuclid.org/journals/annals-of-statistics/volume-37/issue-5B/Multivariate-Archimedean-copulas-d-monotone-functions-and-%e2%84%931-norm-symmetric/10.1214/07-AOS556.pdf,"[2/3 groups] completely monotone, laplace transform, necessary and sufficient, lower bound"
doi:10.2298/aadm190226025g,On complete monotonicity of three parameter Mittag-Leffler function,2020,A,38,26,DISCOVERED,http://www.doiserbia.nb.rs/ft.aspx?id=1452-86302000025G,"[2/3 groups] complete monotonicity, bernstein theorem, monotonicity, monotonic"
arxiv:2112.09960v1,Logarithmically complete monotonicity of reciprocal arctan function,2021,A,38,22,DISCOVERED,https://arxiv.org/abs/2112.09960v1,"[2/3 groups] complete monotonicity, stieltjes, monotonicity, monotonic"
doi:10.1007/jhep05(2026)122,Approximating Feynman integrals using complete monotonicity and Stieltjes properties,2026,D,38,26,DISCOVERED,https://link.springer.com/content/pdf/10.1007/JHEP05(2026)122.pdf,"[2/3 groups] complete monotonicity, stieltjes, monotonicity, monotonic"
doi:10.1103/physrevd.97.114509,Bayesian study of relativistic open and hidden charm in anisotropic lattice QCD,2018,E,38,27,DISCOVERED,http://link.aps.org/pdf/10.1103/PhysRevD.97.114509,"[3/3 groups] spectral function, correlator, reconstruction, reconstruct"
doi:10.1016/j.physletb.2019.135171,Spectral functions of confined particles,2019,E,38,22,DISCOVERED,https://www.sciencedirect.com/science/article/pii/S0370269319308937/pdf,"[3/3 groups] spectral function, correlator, reconstruction, reconstruct"
doi:10.48550/arxiv.2112.02075,Spectral reconstruction in NRQCD via the Backus-Gilbert method,2021,E,38,22,DISCOVERED,https://arxiv.org/pdf/2112.02075,"[3/3 groups] spectral function, correlator, reconstruction, reconstruct"
doi:10.1103/physrevd.110.054518,Lattice QCD estimates of thermal photon production from the QGP,2024,E,38,27,DISCOVERED,https://doi.org/10.1103/physrevd.110.054518,"[3/3 groups] spectral function, correlator, reconstruction, reconstruct"
doi:10.1103/physrevd.106.105018,Causal effective field theories,2022,I,38,27,DISCOVERED,http://link.aps.org/pdf/10.1103/PhysRevD.106.105018,"[3/3 groups] dispersion relation, wilson coefficient, bounds on, constraints"
doi:10.21468/scipostphys.13.3.051,Crossing Symmetric Spinning S-matrix Bootstrap: EFT bounds,2022,I,38,22,DISCOVERED,https://scipost.org/10.21468/SciPostPhys.13.3.051/pdf,"[3/3 groups] dispersion relation, wilson coefficient, bounds on, constraints"
