path,category,tracked,size_bytes,keep,rationale
"tmp/pdfs/chrome_profile*/ (2024 files, collapsed)",CACHE,0,49940983,0,"Chromium browser profiles (caches, extensions, LevelDB). Zero scientific content. Excluded from VCS; left on disk, safe to delete manually."
tmp/pdfs/source_contact_sheets/Artigo Sobre Teoria de Tudo_contact.png,GENERATED,0,2693834,0,Regenerable contact sheets of source PDFs.
output/html/symmetry_resolved_positivity_audited.html,GENERATED,0,2513533,0,Quarto HTML render; not a source of truth.
output/html/apendice_geometria_laplace.html,GENERATED,0,2344100,0,Quarto HTML render; not a source of truth.
output/pdf/symmetry_resolved_positivity_audited.pdf,GENERATED,0,2190769,0,Rendered PDF export; convenience artifact.
tmp/pdfs/source_contact_sheets/Resumo Executivo (1)_contact.png,GENERATED,0,1683915,0,Regenerable contact sheets of source PDFs.
tmp/pdfs/final_render/contact-sheet-final.png,GENERATED,0,1571437,0,Regenerable PDF render output.
tmp/pdfs/final_render/contact-sheet.png,GENERATED,0,1567665,0,Regenerable PDF render output.
tmp/pdfs/artigo_1.png,TEMPORARY,0,883103,0,Downloaded/temporary PDF and PNG working material.
tmp/pdfs/artigo_2.png,TEMPORARY,0,874100,0,Downloaded/temporary PDF and PNG working material.
tmp/pdfs/resumo_1.png,TEMPORARY,0,816974,0,Downloaded/temporary PDF and PNG working material.
tmp/pdfs/source_contact_sheets/Symmetry-Resolved Positivity_contact.png,GENERATED,0,730445,0,Regenerable contact sheets of source PDFs.
tmp/pdfs/symmetry_1.png,TEMPORARY,0,468850,0,Downloaded/temporary PDF and PNG working material.
tmp/pdfs/final_render/page-02.png,GENERATED,0,252452,0,Regenerable PDF render output.
tmp/pdfs/final_render/page-18.png,GENERATED,0,252070,0,Regenerable PDF render output.
tmp/pdfs/final_render/page-15.png,GENERATED,0,247373,0,Regenerable PDF render output.
tmp/pdfs/final_render/page-01.png,GENERATED,0,237378,0,Regenerable PDF render output.
tmp/pdfs/final_render/page-03.png,GENERATED,0,232675,0,Regenerable PDF render output.
tmp/pdfs/final_render/page-21.png,GENERATED,0,230420,0,Regenerable PDF render output.
tmp/pdfs/final_render/page-11.png,GENERATED,0,221691,0,Regenerable PDF render output.
tmp/pdfs/resumo_2.png,TEMPORARY,0,221027,0,Downloaded/temporary PDF and PNG working material.
tmp/pdfs/final_render/page-08.png,GENERATED,0,209305,0,Regenerable PDF render output.
tmp/pdfs/final_render/page-12.png,GENERATED,0,206067,0,Regenerable PDF render output.
tmp/pdfs/final_render/page-20.png,GENERATED,0,205891,0,Regenerable PDF render output.
tmp/pdfs/final_render/page-07.png,GENERATED,0,200735,0,Regenerable PDF render output.
tmp/pdfs/final_render/page-14.png,GENERATED,0,199834,0,Regenerable PDF render output.
tmp/pdfs/final_render/page-05.png,GENERATED,0,193261,0,Regenerable PDF render output.
tmp/pdfs/final_render/page-13.png,GENERATED,0,182921,0,Regenerable PDF render output.
tmp/pdfs/final_render/page-16.png,GENERATED,0,180713,0,Regenerable PDF render output.
tmp/pdfs/final_render/page-19.png,GENERATED,0,179878,0,Regenerable PDF render output.
tmp/pdfs/final_render/page-06.png,GENERATED,0,177877,0,Regenerable PDF render output.
tmp/pdfs/final_render/page-04.png,GENERATED,0,169840,0,Regenerable PDF render output.
tmp/pdfs/final_render/page-10.png,GENERATED,0,151294,0,Regenerable PDF render output.
tmp/pdfs/final_render/page-17.png,GENERATED,0,150407,0,Regenerable PDF render output.
tmp/pdfs/final_render/page-09.png,GENERATED,0,132846,0,Regenerable PDF render output.
manuscript/symmetry_resolved_positivity_audited.qmd,SOURCE,1,66981,1,Working pt-BR Quarto manuscript (author's active draft).
tmp/revision_before/symmetry_resolved_positivity_audited.qmd,TEMPORARY,0,66981,1,"USER BACKUP snapshot of pre-revision sources. Kept on disk, excluded from VCS."
output/figures/dirac_ratio_convergence.png,GENERATED,1,58355,1,Figures regenerated by reproducibility scripts; tracked for paper build.
output/figures/localizing_bound_convergence.png,GENERATED,1,53032,1,Figures regenerated by reproducibility scripts; tracked for paper build.
tmp/revision_before/apendice_geometria_laplace.qmd,TEMPORARY,0,43803,1,"USER BACKUP snapshot of pre-revision sources. Kept on disk, excluded from VCS."
output/figures/dirac_ratio_convergence.svg,GENERATED,1,36996,1,Figures regenerated by reproducibility scripts; tracked for paper build.
manuscript/apendice_geometria_laplace.qmd,SOURCE,1,32300,1,Working pt-BR Quarto manuscript (author's active draft).
tmp/rewrite_module.py,UNKNOWN,0,31903,1,Unclassified; inspect before removal.
output/figures/localizing_bound_convergence.svg,GENERATED,1,29440,1,Figures regenerated by reproducibility scripts; tracked for paper build.
tmp/pdfs/symmetry_2.png,TEMPORARY,0,28345,0,Downloaded/temporary PDF and PNG working material.
reproducibility/laplace_geometry.py,SOURCE,1,13527,1,Numerical/reproducibility code.
tmp/revision_before/laplace_geometry.py,TEMPORARY,0,12676,1,"USER BACKUP snapshot of pre-revision sources. Kept on disk, excluded from VCS."
reproducibility/analysis.py,SOURCE,1,8401,1,Numerical/reproducibility code.
tmp/revision_before/analysis.py,TEMPORARY,0,8401,1,"USER BACKUP snapshot of pre-revision sources. Kept on disk, excluded from VCS."
output/data/laplace_geometry_certification.json,DATA,1,7426,1,Numerical results emitted by reproducibility scripts.
tmp/revision_before/laplace_geometry_certification.json,TEMPORARY,0,7170,1,"USER BACKUP snapshot of pre-revision sources. Kept on disk, excluded from VCS."
manuscript/paper.css,SOURCE,1,5013,1,Working pt-BR Quarto manuscript (author's active draft).
reproducibility/pdf_qa.py,SOURCE,1,4099,1,Numerical/reproducibility code.
tmp/revision_before/pdf_qa.py,TEMPORARY,0,4099,1,"USER BACKUP snapshot of pre-revision sources. Kept on disk, excluded from VCS."
output/data/dirac_moment_ratios.csv,DATA,1,3103,1,Numerical results emitted by reproducibility scripts.
output/data/pdf_qa.json,DATA,1,1131,1,Numerical results emitted by reproducibility scripts.
output/data/uncertainty_summary.json,DATA,1,644,1,Numerical results emitted by reproducibility scripts.
output/data/localizing_bounds.csv,DATA,1,308,1,Numerical results emitted by reproducibility scripts.
gitignore,UNKNOWN,0,295,1,Unclassified; inspect before removal.
output/data/verification_checks.json,DATA,1,258,1,Numerical results emitted by reproducibility scripts.
reproducibility/requirements.txt,SOURCE,1,51,1,Numerical/reproducibility code.
reproducibility/requirements-pdf.txt,SOURCE,1,14,1,Numerical/reproducibility code.
