theorem_id,statement_short,status,assumptions,proof_location,external_theorem_used,citation,numerical_test,unresolved_issue
A,"Phi(r)=delta(r)/r^2 is the Laplace transform of a positive measure nu, defined by weighted pushforward.",PROVED_CONDITIONALLY,"H1-H5; Coulomb phase, positive gap, positive Stieltjes response, integrability and linear probe regime","paper/paper.tex, thm:A",Fubini-Tonelli; differentiation under the integral,n/a (elementary),laplace_geometry.py identity chain and Gauss-law closure; tests/test_measure_and_hierarchy.py atom pushforward,H3 is unproved for an interacting kernel beyond leading order. This is the central open physics question.
A-RPA,"Resummed bubble chain: W = Z3 + g^2 int rho/(s+Q^2); contact-free H3 holds for Z3 > 0, fails for Z3 < 0 (spacelike pole) and fails at Z3 = 0 when the total mass is finite (constant 1/mu; with infinite mass it holds); one positive atom above a hard cutoff for Z3 > 0.",PROVED_CONDITIONALLY,"rho_J >= 0 not identically zero; finite inverse moment; g_R^2 > 0; once-subtracted Dyson form; for the atom, a hard cutoff with rho_J nonzero at the edge","paper/appendix.tex, 'The resummed bubble chain'; notes/H3_RPA_proof_note_2026-09-29.md, Props 1-6",Stieltjes / complete Bernstein duality (f Stieltjes iff z f(z) complete Bernstein iff 1/f complete Bernstein),"Schilling-Song-Vondracek 2012, 2nd ed.; theorem number PENDING_VERIFICATION (secondary sources cite Thm 7.3 or Cor 7.4); Giacosa-Wolkanowski 2012 for the atom mechanism","tests/test_h3_rpa_obstruction.py (regimes, residue sign, sum rules, dropped-atom detection, exact uniform anchor); tests/test_rpa_closed_form_and_contracts.py; tests/test_rpa_reference_precision.py (multiprecision)",Covers only the bubble chain with the one-loop matter density. Irreducible O(g^6) terms and the nonperturbative Wilson-loop kernel are not addressed. The fate of the atom under a smooth regulator (resonance on another sheet) is not shown.
E2c,"Linear-probe transport: if the Euclidean two-point function of F has a positive spectral representation (mu >= 0) and obeys Bianchi including coincident points, then at the quadratic cumulant V(r) - V(r0) = -q^2 [a3(r) - a3(r0)] and the field of a static line is a gradient of a3, a3(r) = int dmu exp(-sqrt(s) r)/(4 pi r); hence a positive Stieltjes kernel on r > 0, which has the form of H3 with g_R^2 = mu({0}) when mu({0}) > 0, up to a contact polynomial; the gap is not implied.",PROVED_CONDITIONALLY,"(E) positive Euclidean spectral representation of <FF>, assumed (E2b obtains its Minkowski form from W1-W3 and B for F, no W4, no CPT, through unchecked lemmas, and the continuation is unchecked); Bianchi on the T-product (equivalently, surface independence of the O(q^2) cumulant); int dmu/(1+s) < infinity; truncation at the quadratic cumulant; Coulomb phase mu({0}) > 0 for the profile","notes/E2c_transport_linear_probe.md, Lemmas 1-2, Propositions 3-4, Theorem","E2b Theorem (Kallen-Lehmann for a two-form field), resting on Bochner-Schwartz and the covariant disintegration over orbits; Wightman to Schwinger continuation; Fejer kernel; Tonelli","E2b lemmas TO READ (Bochner-Schwartz; disintegration; continuation). Stochastic vacuum model for the D / D1 split and the area law, via Di Giacomo-Dosch-Shevchenko-Simonov 2002 (read: sections 2.1, 3.1, 3.2, 4.2); primaries unread","tests/test_e2c_transport.py (33 tests: sign anchor, component table, Stokes in momentum space and numerically, the printed boundary display, Fourier slice, T -> infinity with its q^2 C_eps/T coefficient at fixed regulator, the expansion of C_eps, flux profile, area slope and its 1/eps divergence; section 11: pair (anti)symmetry of the helicity structure in both signatures, its equal-time Bianchi violation without locality, the static-response identity)","Conditional on E2b's Kallen-Lehmann form, which rests on two unread lemmas; the T part of (E) then follows without locality, and the massless helicity term is excluded by (B_T), whose content on tau = 0 is two-point locality in that sector, so locality is assumed there rather than avoided (note section 11, argued with symbolic checks and independently re-derived; no source read). Says nothing beyond the quadratic cumulant (cubic cumulant zero only under charge conjugation; four-field cumulant, light-by-light in QED), nothing nonabelian, nothing about the existence of 4D QED as a Wightman theory. The general tempered case without int dmu/(1+s) < infinity, and the half-plane product delta(p0)/p1 for general mu, are not proved. The gap H2 is not implied. The 1/T rate is not uniform in the regulator."
E3,"Static Wilson loop at O(q^4) in the one-loop Euler-Heisenberg EFT, for rigid spherical sources of radius R >> 1/m at r > 2R: the energy at fixed free charge is -c int|E_0|^4, c = e^4/(360 pi^2 m^4); the r-dependent part is a polarizability term -A/r^4, A = (5c/12 pi^2)(W1 q2^2 + W2 q1^2) > 0, plus a universal -c q1 q2 (q1^2 + q2^2)/(80 pi^3 r^5), with no r^-3 term and no r^-5 term from the q1^2 q2^2 sector; for (Ze, -e) the Z^3 part is +2 alpha (Z alpha)^3/(225 pi m^4 r^5). At finite probe charge Phi gains -8 alpha^3 q_W^2/(45 pi m^4 r^6), negative and gapless, so the limits q_W -> 0 and r -> infinity do not commute; the linear coefficient (Theorem A) is unaffected.",PROVED_CONDITIONALLY,"one-loop Euler-Heisenberg EFT at first order in c and tree level; rigid, smooth, spherically symmetric, non-overlapping sources with 1/m << R and alpha q_W/(m R)^2 << 1; static, T -> infinity; charge-conjugation-invariant state for the absence of O(q^3)","notes/E3_nonlinear_probe_EH.md, Sections 2-7",Legendre transform at fixed free charge (div D = rho); Fourier transform of homogeneous distributions; multipole expansion,"Dunne, arXiv:hep-th/0406216, eq. (1.9) (read); Frolov, arXiv:1111.2303v5, eq. (13) (read; same EFT method, single-source limit)","tests/test_e3_nonlinear_probe.py (18 tests: coefficient; sign of the fixed-charge energy against the naive +3 int E^4; psi_1 identity; I31 by bipolar Gauss-Legendre quadrature against closed forms to 1e-11 and its independence of the profile of source 1; I22 fitted in R: R^0 coefficient 2e-5 of the universal one, no R^-2; leading term from the self-energy; totals and Frolov eq. (13) in symbols; profile at finite charge; crossover with the paper's one-loop measure, r_x = 11.57/m for q_W = 1)","Point probes (R -> 0) are outside the EFT: the coefficient of -A/r^4 there is set by the full light-by-light kernel and is not computed (magnitude, sign, finiteness). Derivative operators, two-loop terms and O(c^2) are only estimated. Says nothing nonabelian."
A1,"Sign convention: dsigma = g^4 rho_J ds/s + O(g^6), reproducing Uehling.",PROVED,one-loop matter kernel; single subtraction sufficient,"paper/appendix.tex, app:sign",Kallen-Lehmann representation,Uehling 1935 (coefficient check),tests/test_sign_convention.py (discriminating: flipping the kernel sign yields dsigma<0),none
B,Phi completely monotone; converse via Bernstein-Widder for e^{M_* r}Phi.,CLASSICAL_APPLICATION,"positive measure, finite transform for all r>0","paper/paper.tex, Scope and failure modes (support inclusion, not edge equality)",Bernstein-Widder theorem,"Widder, The Laplace Transform (1941), Ch. IV",falsification_suite J: CM violation detected on a signed measure,"Weaker in hypothesis-free content than Bachas 1986, which gets two derivative conditions from reflection positivity alone."
C,Gamma(r)=<x>_r is a decreasing upper bound converging to inf supp nu.,CLASSICAL_APPLICATION,H1-H5; nonzero measure; M_*=inf supp nu for the limit,"paper/appendix.tex, proof of thm:C",none beyond elementary measure theory,method identical to lattice effective mass: Luscher-Wolff 1990; Blossier et al 2009,"falsification_suite A,B,C,F,H,K",No uniform convergence rate without a minimum-weight assumption (Theorem H).
D,Edge law Gamma=M_*+p/r+beta p/r^2+... ; Dirac gives 2m+3/(2r)-5/(16mr^2)+45/(32m^2r^3).,PROVED,"no atom at edge; local absolute continuity; C>0, p>0; edge expansion dnu/dx = C t^{p-1}[1+beta t+gamma t^2+O(t^3)]; exponential tail control","paper/appendix.tex, Edge law",Watson's lemma,NIST DLMF 2.3(ii),"falsification_suite: spinor p=3/2 -> 1.4981, scalar p=5/2 -> 2.4904; symbolic check of the edge coefficients in extended_analysis.py",none
E,"Local Hankel pencil: M_*<=B_K, B_{K+1}<=B_K, B_K -> M_*.",PROVED_CONDITIONALLY,positive measure; H0 positive definite (support has at least K+1 points); exponential moment; effective support edge for convergence,"paper/appendix.tex, proof of thm:E (finite atomic support terminates at exact rank)",Rayleigh-Ritz; density of polynomials in L^2 of a measure with an exponential moment,self-contained proof given; the density criterion is classical (Riesz/Berg-Christensen). Exact theorem number PENDING_VERIFICATION,"falsification_suite B (exact at K=1), G, H (stalls), I (conditioning)",Convergence is not uniform in the spectral weight: test H shows B_K stalling at the continuum edge when the true edge carries weight 1e-12.
F,Two-radius sandwich M_*<=Gamma(r+h)<=G_h(r)<=Gamma(r).,PROVED,positive nonzero measure,"manuscript/apendice_geometria_laplace.qmd, Teorema F (working draft, not canonical paper)",mean value of a monotone function,n/a,extended_analysis.py two-radius sandwich checks,none
G,Derivative-free sampling hierarchy from Hausdorff moments b_j=Phi(r+jh)/Phi(r).,PROVED_CONDITIONALLY,nonsingular pencil; compact support in y=e^{-hx},"manuscript/apendice_geometria_laplace.qmd, Teorema G (working draft, not canonical paper)",Hausdorff moment problem; Weierstrass approximation,classical; lattice GEVP is the same structure at discrete separations,extended_analysis.py sampled-hierarchy checks K=0..5,No proved ordering between B_K and the sampled hierarchy at equal order.
H,No uniform strictly positive lower bound on M_* from finite-precision finite-window data without extra input; M_*>=0 remains.,PROVED,"finite observation window, finite precision","paper/paper.tex, thm:H",none,n/a,"falsification_suite H: crossover radius predicted 22.758, observed between r=20 and r=30",none
I,Conditional WGC-type bound max_i g|q_i|M_Pl/m_i >= sqrt(6 pi^2 (eta-tau-eps)/kappa).,PROVED_CONDITIONALLY,N light Dirac species with 0<m_i<=Lambda; additive one-loop model; eta>tau+eps; kappa>0 species bound; heavy-tail and residual bounds fixed in advance,"paper/paper.tex, Obstruction to Weak-Gravity inference (explicit inequality chain)",Lemma 4 cap,Dvali species bound; Cordova-Ohmori-Rudelius,none (algebraic),Not a derivation of the WGC. eta and kappa are physical inputs; calibrating them after seeing the spectrum makes the conclusion circular.
L4,"One-species cap 0<=delta_D<=g^2q^2/6pi^2, saturated as r->0.",PROVED,one-loop Dirac density,"paper/appendix.tex, app:cap; saturation discussed in manuscript/apendice_geometria_laplace.qmd, Lema 4",dominated convergence,coefficient matches Cordova-Ohmori-Rudelius per-species normalization,"laplace_geometry.py cap checks; Delta in [0,1] on the tested grid","The r->0 limit is a limit of the one-loop coefficient, not a controlled UV extrapolation of full QED."
